#AUTHID,text,cEXT,cNEU,cAGR,cCON,cOPN
1997_504851.txt,"Right now, I just woke up after a nap, which is a little weird, but ever since I moved to Texas, I've been having trouble concentrating on things, and I remember starting tenth grade as soon as the clock hit four and didn't stop until it was done. But when I moved here, the lessons got a little more challenging, and there was a lot more work to be done, so I decided not to spend hours on it and just move on, but the thing was, I was always paying attention in class and just knowing it, and now that I look back, If I had worked hard and stayed on track for the last two years without getting lazy, I would have been a genius, but hey, it's all good. lt's too late to fix the past, but I don't know how to focus on the future. I just know that when people say they live on campus, they can't concentrate, It would be easier for me there, but unfortunately, I live at home under my parents'watchful eye and a little annoying sister who just complains and complains. I have to move, but I don't know how to say it. Don't get me wrong, I know where they come from and why they don't want me to move out, but I have to go away and be alone. The only thing they're asking me to do is to keep my room clean and help with business once in a while, but I can't even do that, but I have to, but I have enough money from the U.S. to live in a college or an apartment next semester, and I think I'll take advantage of it. I went to Sixth Street last night and had a good time. I haven't been there that long. Now I know why I love Austin so much. I'm responsible enough to have fun, but keep my priorities straight. When I live at home, I can't go out without them asking where?With whom?Why?When are you coming back?And all those questions.I wish I could be treated like a responsible person for once, But my sister ruined it for me, and she freaked out when she moved into college and ruined her entire career by partying too much, and that's the ultimate reason why they don't want me to have fun, but I'm not little anymore, and they're gonna let me go exploring the world, but I'm Indian, with Indian culture, I mean, in terms of meeting people or going out with people or partying or just having fun. My school is already difficult, but I think having more freedom will put more pressure on me to do better at school. That's what my parents and ultimately expect of me. It's been fun to write, I don't know if you get anything out of this writing, but it helped me get some of my thoughts right. So I hope you had fun reading it and good luck with TA's.",n,y,y,n,y
1997_605191.txt,"Well, here we go with the stream of awareness essays, and I used to do this kind of thing i n high school, and they were pretty interesting, but I often don't have anything to say, and I usually think of myself as someone who gets right to the point. Maybe I'll fix it later, my friend's playing guitar in my room right now, I'm playing anyway, rather messing with it, he's still learning, there's a drawing next to me, cartoons I think, but I don't know who they are. I've been keeping up with the comic book, and I just heard a sound from ICQ, and it's a chat program on the Internet, and I don't know that much about it, so I can't explain it very well. It'll be nice to talk to her again. She went home this weekend to Labor Day. So did my brother. I didn't go. I don't know why. There's no reason to go. When did I start this? It was a long line. I probably won't change it later. I'm running out of things to talk about. I found, It's something I'm working on. I'm in a class that might help me. The phone just rang. Should I pick up the guy who played guitar, It's for my roommate. My suitor came in and started reading this. I'm not sure. He's in the bathroom now. This is a boring piece of literature. I never realized how boring most everyday thoughts are. But when you keep moving like this, There's no time to stop and think deeply about things. I wonder how long this is going to last. I think it's about ten minutes now. Just my second line. How sad. I don't think how long these lines are. I wonder, I guess there's always homework to do. Then we'll see. This se at is unpleasant. I have a little pain in my back. I think I get gout when I get older. As I get older. I don't know how well I would cope with paralysis of an accident.As long as God and my friends are here, I'm okay. I'm pretty thirsty right now. There's not much to drink in my room. But I hate running. It's too boring for me. It's almost over now. Just a few more minutes. Let's see if I can reach the next line. Short reach the goal! Okay. What else am I supposed to do tonight? I can probably read something. My shirt smells like dinner. It's pretty disgusting. I need to wake up to a 9:30's class tomorrow. I remember when it wasn't even early. I got to the next line. I'm so proud of myself. It's sarcasm by the way. I wonder, It's too late now. It's time to go. Until next time, goodbye and good luck. I don't know.",n,n,y,n,n
1997_687252.txt,,n,y,n,y,y
1997_568848.txt,,y,n,y,y,n
1997_688160.txt,,y,n,y,n,y
1997_722902.txt,,y,n,y,n,y
1997_724708.txt,,n,n,y,n,n
1997_724794.txt,,n,n,n,y,y
1997_628043.txt,,y,y,n,y,y
1997_708036.txt,,y,y,y,y,n
1997_665915.txt,,y,y,y,y,y
1997_820679.txt,,n,n,n,n,n
1997_780901.txt,,n,y,n,n,n
1997_606398.txt,,n,y,y,n,n
1997_606357.txt,,n,n,y,y,n
1997_111389.txt,,y,n,y,n,n
1997_196603.txt,,n,n,n,n,y
1997_636228.txt,,n,n,y,n,y
1997_430457.txt,,n,n,y,y,y
1997_475795.txt,,y,y,y,n,y
1997_356326.txt,,n,n,y,n,n
1997_530565.txt,,n,y,y,n,y
1997_378670.txt,,n,y,y,y,n
1997_814703.txt,,y,n,y,y,n
1997_472441.txt,,y,n,y,y,y
1997_339562.txt,,y,n,y,y,n
1997_760578.txt,,y,n,y,y,n
1997_767473.txt,,y,y,n,n,y
1997_743186.txt,,y,y,n,y,y
1997_747589.txt,,y,y,y,n,y
1997_882637.txt,,n,y,n,n,n
1997_821162.txt,,n,y,n,y,y
1997_748062.txt,,y,y,y,n,y
1997_867722.txt,,n,y,n,n,n
1997_784675.txt,,y,n,y,y,y
1997_665910.txt,,y,n,n,y,y
1997_704970.txt,,n,n,n,n,y
1997_660638.txt,,y,n,y,n,y
1997_881327.txt,,n,y,y,n,n
1997_884710.txt,,y,y,n,y,y
1997_880321.txt,,n,y,n,y,n
1997_336857.txt,,n,y,y,n,y
1997_311198.txt,,n,y,n,n,n
1997_378661.txt,,n,n,n,n,y
1997_693196.txt,,y,n,y,n,n
1997_394566.txt,,y,y,y,n,y
1997_677691.txt,,y,n,y,n,n
1997_419343.txt,,y,n,n,y,n
1997_473952.txt,,y,n,y,n,n
1997_904901.txt,,y,n,y,y,y
1997_847162.txt,,y,n,n,y,n
1997_821194.txt,,n,n,y,y,n
1997_339543.txt,,y,n,y,y,y
1997_451062.txt,,y,y,y,n,n
1997_476707.txt,,n,y,n,y,n
1997_490124.txt,,n,n,y,y,n
1997_492073.txt,,n,n,n,n,n
1997_595469.txt,,y,n,y,n,y
1997_597598.txt,,y,y,y,n,y
1997_677293.txt,,y,n,n,y,y
1997_739678.txt,,y,n,n,y,y
1997_754654.txt,,n,y,y,n,y
1997_854291.txt,,y,y,y,y,y
1997_855808.txt,,n,n,n,y,y
1997_858052.txt,,y,n,n,y,n
1997_872282.txt,,y,n,y,y,n
1997_898394.txt,,y,y,n,y,y
1997_953313.txt,,n,y,n,n,n
1997_454962.txt,,n,n,n,n,y
1997_499267.txt,,n,n,n,n,n
1997_732894.txt,,n,n,y,y,n
1997_857525.txt,,y,y,y,n,n
1997_897072.txt,,y,n,n,n,n
1997_913103.txt,,y,y,n,n,y
1997_913224.txt,,n,n,n,n,n
1997_919361.txt,,y,n,n,n,y
1997_938066.txt,,n,n,n,n,y
1997_417075.txt,,y,n,y,y,y
1997_475230.txt,,y,n,y,y,y
1997_497680.txt,,n,y,y,n,y
1997_499606.txt,,n,y,n,y,n
1997_568086.txt,,y,n,y,y,y
1997_572720.txt,,y,n,y,y,y
1997_579130.txt,,n,y,y,n,y
1997_736454.txt,,n,y,n,y,n
1997_752353.txt,,y,n,y,y,n
1997_813369.txt,,n,y,y,y,n
1997_819809.txt,,y,n,n,y,n
1997_831768.txt,,n,n,n,n,y
1997_870133.txt,,n,n,n,n,y
1997_897420.txt,,n,y,n,n,n
1997_934160.txt,,n,y,n,n,y
1997_952275.txt,,n,n,n,y,y
1997_450562.txt,,n,y,n,y,y
1997_491971.txt,,n,y,n,n,y
1997_496933.txt,,y,y,y,n,y
1997_511579.txt,,y,n,y,y,n
1997_597205.txt,,n,y,y,n,n
1997_679495.txt,,n,n,n,n,n
1997_750427.txt,,n,y,n,n,n
1997_750977.txt,,n,n,y,n,n
1997_778356.txt,,y,y,n,y,n
1997_870336.txt,,n,y,n,n,n
1997_890630.txt,,y,y,n,y,n
1997_910659.txt,,n,n,y,y,n
1997_971112.txt,,y,n,y,y,y
1997_992649.txt,,y,n,n,n,y
1997_471070.txt,,n,y,n,n,y
1997_473999.txt,,y,n,n,y,n
1997_650973.txt,,n,n,y,y,n
1997_653713.txt,,n,n,n,y,n
1997_830141.txt,,n,n,y,n,y
1997_835717.txt,,n,y,n,y,y
1997_854391.txt,,y,n,y,n,n
1997_890127.txt,,y,n,y,n,y
1997_913820.txt,,y,y,y,n,y
1997_916622.txt,,y,n,n,y,n
1997_917639.txt,,y,n,y,y,y
1997_950082.txt,,n,n,y,n,n
1997_950779.txt,,y,y,y,n,y
1997_959163.txt,,n,y,y,n,y
1997_976604.txt,,y,n,y,y,n
1997_978989.txt,,y,y,y,y,n
1997_435058.txt,,y,n,y,y,y
1997_452377.txt,,y,y,n,y,n
1997_455853.txt,,n,y,n,y,n
1997_552216.txt,,y,y,y,y,n
1997_595934.txt,,n,y,n,y,n
1997_654932.txt,,y,y,y,n,y
1997_673123.txt,,n,y,y,y,y
1997_714973.txt,,n,y,n,n,y
1997_739542.txt,,y,y,n,y,n
1997_815468.txt,,n,y,n,n,n
1997_819301.txt,,y,y,y,y,n
1997_834761.txt,,y,n,n,n,n
1997_857408.txt,,n,y,n,n,n
1997_917210.txt,,n,y,n,n,n
1997_937003.txt,,y,y,y,n,n
1997_953720.txt,,n,n,n,y,n
1997_954441.txt,,y,y,n,n,y
1997_972805.txt,,y,y,n,y,y
1997_475931.txt,,y,y,y,n,n
1997_551651.txt,,y,y,n,y,n
1997_556474.txt,,y,n,y,y,y
1997_652829.txt,,y,n,y,y,n
1997_678907.txt,,y,n,n,y,n
1997_696460.txt,,y,n,y,n,n
1997_697427.txt,,n,y,y,y,y
1997_733444.txt,,n,y,n,n,n
1997_736254.txt,,y,y,n,n,y
1997_771125.txt,,n,n,n,n,n
1997_797745.txt,,y,n,y,n,n
1997_816150.txt,,n,n,y,n,n
1997_854163.txt,,n,n,n,n,y
1997_877563.txt,,y,n,y,n,n
1997_878492.txt,,n,y,n,y,n
1997_878676.txt,,y,y,y,y,y
1997_892321.txt,,y,n,y,n,n
1997_914301.txt,,n,y,y,y,n
1997_936626.txt,,y,y,n,y,y
1997_453155.txt,,y,n,y,n,n
1997_459891.txt,,y,n,n,y,n
1997_513925.txt,,y,y,y,y,n
1997_571199.txt,,n,n,y,y,n
1997_592869.txt,,y,n,y,y,n
1997_652904.txt,,n,y,n,y,y
1997_736918.txt,,n,y,n,y,y
1997_890898.txt,,n,y,y,y,n
1997_893217.txt,,y,n,y,y,y
1997_896354.txt,,n,y,n,n,y
1997_917937.txt,,y,y,y,y,y
1997_931356.txt,,y,y,y,y,n
1997_416158.txt,,y,y,y,n,n
1997_451854.txt,,n,y,n,n,n
1997_490275.txt,,n,y,n,n,y
1997_519447.txt,,y,y,n,y,y
1997_675485.txt,,y,n,y,n,y
1997_856276.txt,,n,y,n,y,n
1997_898660.txt,,y,y,n,y,y
1997_913139.txt,,n,n,n,y,y
1997_918806.txt,,n,y,n,n,n
1997_957036.txt,,y,n,n,n,n
1997_996255.txt,,n,y,y,n,y
1997_478467.txt,,n,y,n,n,n
1997_596970.txt,,y,y,n,y,n
1997_716840.txt,,y,n,y,n,y
1997_832991.txt,,n,n,y,y,n
1997_835686.txt,,y,y,y,n,y
1997_871531.txt,,n,y,y,y,y
1997_897862.txt,,y,y,y,n,n
1997_917491.txt,,n,y,y,y,y
1997_953451.txt,,y,n,y,y,y
1997_973910.txt,,y,n,y,y,n
1997_396947.txt,,y,n,n,n,y
1997_454257.txt,,n,y,n,y,n
1997_474191.txt,,y,y,n,n,n
1997_558185.txt,,y,y,n,n,y
1997_574472.txt,,n,y,n,n,y
1997_575279.txt,,y,y,y,y,y
1997_658841.txt,,y,n,y,y,y
1997_672345.txt,,y,y,n,n,y
1997_731545.txt,,n,n,y,n,n
1997_736630.txt,,y,n,n,n,y
1997_756297.txt,,n,y,n,n,n
1997_819346.txt,,n,n,n,n,n
1997_859701.txt,,n,y,n,n,y
1997_873493.txt,,n,y,n,y,y
1997_874080.txt,,n,y,n,n,n
1997_878422.txt,,y,y,n,n,y
1997_916538.txt,,y,n,y,y,y
1997_470418.txt,,y,n,n,y,y
1997_479089.txt,,y,n,y,y,n
1997_514574.txt,,y,n,y,y,y
1997_657222.txt,,y,y,n,y,y
1997_674797.txt,,n,n,n,n,y
1997_735082.txt,,n,y,n,y,n
1997_735238.txt,,y,y,y,n,n
1997_819953.txt,,n,n,y,y,y
1997_915687.txt,,y,n,y,y,n
1997_936666.txt,,y,y,n,y,y
1997_956061.txt,,y,n,y,y,n
1997_991545.txt,,n,n,n,y,n
1997_410675.txt,,n,y,y,n,n
1997_579195.txt,,n,n,y,y,y
1997_657978.txt,,n,y,y,y,n
1997_696801.txt,,y,n,y,y,y
1997_697491.txt,,n,y,y,y,n
1997_736368.txt,,y,n,y,n,n
1997_853759.txt,,n,y,y,y,n
1997_856670.txt,,y,n,y,n,y
1997_898021.txt,,n,y,n,y,y
1997_918357.txt,,n,y,y,n,n
1997_991961.txt,,n,n,y,n,y
1997_430172.txt,,n,n,y,y,n
1997_675028.txt,,y,n,n,y,n
1997_696062.txt,,n,y,y,n,y
1997_732418.txt,,y,n,n,n,n
1997_758922.txt,,y,y,n,y,n
1997_798633.txt,,y,y,y,y,n
1997_819345.txt,,y,n,y,y,y
1997_833350.txt,,n,y,n,n,n
1997_911224.txt,,n,y,n,y,y
1997_450911.txt,,n,n,y,n,y
1997_473319.txt,,n,y,y,n,y
1997_597376.txt,,y,n,y,y,n
1997_813079.txt,,n,n,n,y,n
1997_930834.txt,,y,n,n,y,y
1997_992092.txt,,y,y,y,n,n
1997_451038.txt,,n,n,y,y,n
1997_458896.txt,,y,n,y,n,y
1997_477159.txt,,n,n,n,y,n
1997_570131.txt,,y,n,y,y,n
1997_577009.txt,,y,n,n,y,n
1997_736518.txt,,y,y,n,y,y
1997_794682.txt,,y,n,y,y,y
1997_797908.txt,,y,n,y,n,y
1997_897973.txt,,y,y,n,y,y
1997_970131.txt,,n,n,y,y,n
1997_979571.txt,,n,y,n,n,y
1997_456077.txt,,y,y,y,y,n
1997_536654.txt,,y,n,n,y,y
1997_813043.txt,,y,n,y,y,y
1997_830801.txt,,n,y,n,n,n
1997_857069.txt,,y,y,y,y,y
1997_872596.txt,,y,n,y,y,n
1997_878282.txt,,y,n,n,n,n
1997_935249.txt,,y,y,y,n,n
1997_451150.txt,,n,y,n,n,y
1997_477443.txt,,n,y,y,y,n
1997_510841.txt,,n,y,n,n,y
1997_539448.txt,,n,y,n,y,n
1997_578488.txt,,n,y,y,n,y
1997_598253.txt,,y,n,n,y,y
1997_750691.txt,,n,y,y,y,n
1997_790253.txt,,n,y,n,n,y
1997_835938.txt,,n,y,n,y,n
1997_890789.txt,,n,y,y,n,y
1997_891831.txt,,n,n,y,n,n
1997_956235.txt,,n,y,y,y,n
1997_499042.txt,,y,y,y,y,y
1997_512804.txt,,n,y,n,n,n
1997_555388.txt,,y,n,y,n,y
1997_651413.txt,,n,y,y,n,n
1997_758039.txt,,n,n,n,n,n
1997_777805.txt,,y,n,y,n,y
1997_835986.txt,,y,n,y,y,n
1997_872817.txt,,n,n,y,n,n
1997_891464.txt,,n,y,y,n,n
1997_894347.txt,,y,n,n,y,n
1997_899272.txt,,y,y,y,y,n
1997_910412.txt,,n,y,n,n,y
1997_919223.txt,,n,y,y,y,n
1997_935738.txt,,n,n,y,y,y
1997_950322.txt,,n,y,n,n,y
1997_806274.txt,,n,n,n,n,y
1997_964636.txt,,y,y,y,n,n
1997_801472.txt,,n,n,y,n,y
1997_178075.txt,,y,n,y,y,n
1997_255728.txt,,n,n,y,y,n
1997_318159.txt,,y,n,y,y,n
1997_848404.txt,,n,n,n,n,y
1997_887984.txt,,y,y,y,y,y
1997_233350.txt,,n,n,y,y,y
1997_727234.txt,,y,y,y,y,n
1997_634976.txt,,n,n,y,n,n
1997_612557.txt,,n,y,y,y,n
1997_790797.txt,,y,y,y,n,n
1997_731982.txt,,n,n,y,n,n
1997_518093.txt,,n,n,y,y,y
1997_434159.txt,,y,y,n,n,n
1997_435972.txt,,n,n,n,n,n
1997_697536.txt,,y,n,y,y,y
1997_791837.txt,,y,y,y,y,n
1997_030596.txt,,y,y,y,y,y
1997_783160.txt,,y,n,y,y,y
1997_262585.txt,,n,y,n,y,y
1997_070317.txt,,n,n,n,n,n
1997_101670.txt,,y,y,n,n,n
1997_147396.txt,,n,y,n,n,y
1997_369589.txt,,y,n,n,n,y
1997_202481.txt,,n,n,y,y,y
1997_409960.txt,,n,y,n,n,n
1997_053414.txt,,y,n,y,y,y
1997_266831.txt,,y,y,y,n,n
1997_058607.txt,,n,y,n,n,y
1997_012113.txt,,y,n,y,y,n
1997_057160.txt,,y,n,y,y,y
1997_074063.txt,,n,y,n,n,y
1997_165590.txt,,n,n,n,y,n
1997_123854.txt,,y,n,y,n,y
1997_057748.txt,,n,y,n,n,y
1997_012750.txt,,y,n,n,n,y
1997_059580.txt,,y,n,y,y,n
1997_366633.txt,,y,n,y,y,y
1997_071988.txt,,n,n,n,y,y
1997_140292.txt,,y,n,y,y,n
1997_286966.txt,,y,y,n,n,y
1997_161444.txt,,n,n,y,n,y
1997_071933.txt,,y,y,n,y,y
1997_033283.txt,,y,n,y,n,y
1997_160412.txt,,y,y,n,n,n
1997_460592.txt,,y,n,n,y,y
1998_010017.txt,,n,n,n,y,n
1998_012971.txt,,y,n,y,y,n
1998_037552.txt,,n,n,n,y,n
1998_039155.txt,,n,y,y,y,y
1998_045186.txt,,n,y,y,y,y
1998_049174.txt,,y,y,y,y,y
1998_054183.txt,,y,n,y,y,y
1998_059087.txt,,y,y,n,n,y
1998_059964.txt,,y,y,y,y,n
1998_070315.txt,,y,y,y,n,n
1998_074464.txt,,n,y,y,n,y
1998_082105.txt,,n,n,y,y,y
1998_090119.txt,,y,n,y,y,y
1998_092455.txt,,n,y,n,n,n
1998_105169.txt,,n,y,y,n,n
1998_121308.txt,,y,n,y,n,n
1998_125075.txt,,n,y,n,n,n
1998_125780.txt,,n,n,n,y,y
1998_129982.txt,,n,y,n,y,y
1998_160205.txt,,n,y,y,y,n
1998_163952.txt,,n,y,n,y,y
1998_167124.txt,,y,y,y,n,n
1998_172542.txt,,n,y,y,y,y
1998_191094.txt,,n,y,n,n,n
1998_194376.txt,,y,n,n,y,n
1998_200855.txt,,y,y,n,n,y
1998_203337.txt,,y,y,n,y,y
1998_212331.txt,,n,y,y,n,y
1998_219457.txt,,y,y,y,n,n
1998_261656.txt,,y,y,n,y,y
1998_268942.txt,,n,y,y,y,n
1998_320428.txt,,y,n,y,y,y
1998_324101.txt,,n,y,y,n,n
1998_333355.txt,,y,n,n,n,n
1998_350692.txt,,n,y,n,n,n
1998_367064.txt,,y,y,n,n,n
1998_374668.txt,,y,n,y,n,y
1998_392683.txt,,y,n,y,n,y
1998_432472.txt,,y,y,n,n,n
1998_432648.txt,,n,y,n,n,y
1998_439361.txt,,y,n,y,y,n
1998_447523.txt,,n,y,y,n,y
1998_448871.txt,,y,n,y,y,y
1998_449776.txt,,n,y,y,y,n
1998_455323.txt,,n,y,n,y,y
1998_458651.txt,,y,n,n,y,y
1998_458908.txt,,n,y,y,n,y
1998_458998.txt,,y,n,n,y,y
1998_459461.txt,,y,y,y,n,n
1998_463122.txt,,y,n,y,n,y
1998_470852.txt,,n,y,y,n,y
1998_471243.txt,,y,y,y,n,y
1998_472096.txt,,n,y,n,n,n
1998_474113.txt,,n,y,y,y,n
1998_474386.txt,,n,y,y,n,n
1998_475183.txt,,n,y,n,n,y
1998_475235.txt,,n,y,y,y,n
1998_475402.txt,,y,n,n,n,n
1998_475448.txt,,n,n,y,y,y
1998_476356.txt,,y,y,n,n,y
1998_477189.txt,,n,y,y,y,n
1998_477540.txt,,n,n,n,n,y
1998_487593.txt,,n,n,y,y,n
1998_488580.txt,,n,n,n,n,n
1998_491143.txt,,y,n,n,y,n
1998_491167.txt,,n,y,n,n,n
1998_491269.txt,,y,n,n,y,y
1998_491828.txt,,n,y,n,y,n
1998_491851.txt,,y,y,n,y,y
1998_493289.txt,,y,n,y,y,n
1998_493717.txt,,y,n,y,y,n
1998_494559.txt,,y,y,y,y,n
1998_495472.txt,,n,n,y,n,n
1998_496009.txt,,n,y,y,y,n
1998_496110.txt,,n,y,n,y,n
1998_496713.txt,,y,n,y,n,n
1998_496905.txt,,y,y,n,y,n
1998_499467.txt,,n,y,n,y,n
1998_510203.txt,,n,n,y,y,n
1998_511209.txt,,y,n,y,y,n
1998_512626.txt,,n,y,y,y,n
1998_513098.txt,,n,y,y,y,n
1998_514101.txt,,y,n,y,y,n
1998_514882.txt,,n,n,n,n,n
1998_517115.txt,,y,y,y,n,y
1998_518444.txt,,n,n,n,n,n
1998_518720.txt,,n,n,n,y,n
1998_519414.txt,,n,n,n,y,n
1998_519673.txt,,y,y,n,n,n
1998_530331.txt,,y,y,y,n,y
1998_531732.txt,,y,y,y,y,y
1998_534795.txt,,y,n,n,y,n
1998_535096.txt,,n,y,n,n,y
1998_535599.txt,,n,y,y,y,n
1998_535687.txt,,n,y,y,y,y
1998_535986.txt,,n,y,n,y,n
1998_537522.txt,,n,y,n,n,n
1998_538805.txt,,n,y,n,n,y
1998_539712.txt,,n,n,n,y,y
1998_551027.txt,,y,y,y,n,y
1998_551049.txt,,n,y,y,y,n
1998_551340.txt,,n,y,n,y,n
1998_552508.txt,,y,y,y,n,y
1998_556774.txt,,n,y,n,n,y
1998_557358.txt,,y,n,y,y,n
1998_559341.txt,,n,y,y,n,y
1998_559695.txt,,n,n,y,n,n
1998_564982.txt,,n,n,n,y,n
1998_575921.txt,,n,n,y,n,y
1998_576460.txt,,y,n,y,y,y
1998_578140.txt,,y,n,y,n,n
1998_578648.txt,,y,n,n,y,y
1998_578686.txt,,y,n,n,n,y
1998_579133.txt,,n,y,n,n,y
1998_580120.txt,,y,n,y,n,y
1998_590140.txt,,n,y,y,n,n
1998_590709.txt,,y,n,y,n,y
1998_593630.txt,,n,y,y,n,y
1998_596111.txt,,y,n,n,n,y
1998_596135.txt,,y,n,n,n,y
1998_596818.txt,,y,n,n,n,y
1998_596948.txt,,y,y,n,n,n
1998_600217.txt,,n,y,n,y,n
1998_603731.txt,,y,y,n,y,n
1998_613201.txt,,y,n,n,y,n
1998_613453.txt,,n,y,y,y,n
1998_614375.txt,,y,y,y,n,n
1998_623903.txt,,y,y,n,y,y
1998_628315.txt,,y,y,n,n,n
1998_631077.txt,,n,y,n,y,n
1998_631209.txt,,n,y,n,y,n
1998_639546.txt,,y,y,y,y,n
1998_651210.txt,,y,y,n,n,n
1998_652525.txt,,n,n,y,y,y
1998_652588.txt,,n,n,y,y,y
1998_656677.txt,,n,n,y,y,n
1998_658776.txt,,y,n,y,n,y
1998_659134.txt,,y,n,y,n,y
1998_659344.txt,,n,n,n,y,n
1998_659638.txt,,y,n,n,y,y
1998_676910.txt,,y,n,y,y,n
1998_677547.txt,,n,y,y,n,n
1998_679454.txt,,y,n,y,y,n
1998_679951.txt,,y,y,y,n,y
1998_684784.txt,,y,n,y,n,n
1998_690595.txt,,y,y,y,n,y
1998_691770.txt,,y,n,n,y,n
1998_693467.txt,,n,n,y,n,n
1998_694305.txt,,y,n,n,n,y
1998_695943.txt,,y,n,y,y,n
1998_696197.txt,,n,n,y,y,y
1998_711068.txt,,n,n,n,n,n
1998_711712.txt,,y,y,n,n,y
1998_711744.txt,,y,n,n,y,y
1998_711991.txt,,n,n,n,n,n
1998_714052.txt,,n,n,y,n,n
1998_715038.txt,,y,y,n,n,n
1998_727868.txt,,y,y,y,y,y
1998_732702.txt,,n,y,y,n,n
1998_733941.txt,,y,n,y,y,y
1998_735496.txt,,y,n,y,y,y
1998_737632.txt,,y,n,n,y,n
1998_738270.txt,,y,y,y,y,y
1998_749689.txt,,n,y,y,y,y
1998_750868.txt,,n,y,n,y,y
1998_752807.txt,,n,y,y,n,y
1998_759985.txt,,n,n,y,y,n
1998_762608.txt,,n,y,n,n,n
1998_768748.txt,,n,n,y,n,n
1998_769425.txt,,n,y,n,n,n
1998_770914.txt,,n,n,y,y,y
1998_773959.txt,,y,y,y,y,n
1998_775006.txt,,n,y,y,n,y
1998_779688.txt,,n,y,n,n,y
1998_781969.txt,,n,n,n,n,n
1998_789844.txt,,y,y,n,y,n
1998_790525.txt,,n,n,y,y,y
1998_790795.txt,,y,n,n,n,n
1998_793662.txt,,n,n,n,y,y
1998_797096.txt,,n,n,y,y,n
1998_798053.txt,,n,y,y,n,y
1998_798752.txt,,y,y,y,n,n
1998_799973.txt,,y,n,y,y,n
1998_800538.txt,,n,y,y,y,n
1998_804864.txt,,n,y,y,n,y
1998_811576.txt,,n,y,n,n,n
1998_812901.txt,,y,n,y,y,y
1998_812997.txt,,y,n,y,y,y
1998_813876.txt,,y,n,y,y,y
1998_814157.txt,,y,y,y,y,n
1998_815480.txt,,y,n,y,y,y
1998_816501.txt,,n,y,y,n,y
1998_816714.txt,,n,y,y,n,y
1998_817832.txt,,y,n,n,n,y
1998_821722.txt,,y,n,y,n,n
1998_825931.txt,,y,y,y,n,y
1998_830292.txt,,n,y,n,y,y
1998_831618.txt,,y,n,n,y,n
1998_831684.txt,,y,n,y,y,n
1998_834298.txt,,n,y,y,y,n
1998_835664.txt,,y,n,y,y,n
1998_836815.txt,,y,n,n,y,n
1998_845446.txt,,y,n,n,y,y
1998_847657.txt,,y,y,n,y,n
1998_850068.txt,,y,y,n,n,y
1998_853141.txt,,y,y,n,n,n
1998_853629.txt,,n,n,y,n,n
1998_853723.txt,,n,n,n,n,n
1998_856818.txt,,n,y,n,n,y
1998_857433.txt,,n,n,y,n,y
1998_857967.txt,,n,y,y,n,n
1998_858248.txt,,y,n,y,y,n
1998_858684.txt,,y,n,y,y,y
1998_858889.txt,,y,n,y,y,n
1998_859490.txt,,n,y,y,y,n
1998_859548.txt,,n,n,n,y,y
1998_868471.txt,,n,n,n,y,n
1998_870332.txt,,y,n,n,y,n
1998_871365.txt,,n,n,y,y,n
1998_872000.txt,,n,y,y,y,y
1998_872624.txt,,n,n,y,n,y
1998_873811.txt,,y,n,n,y,y
1998_874263.txt,,y,y,y,y,y
1998_876735.txt,,n,n,n,n,y
1998_877067.txt,,n,n,y,n,n
1998_878500.txt,,y,y,y,y,y
1998_889071.txt,,n,y,n,y,n
1998_889934.txt,,y,y,y,y,y
1998_890436.txt,,y,y,y,n,y
1998_891388.txt,,n,y,y,n,y
1998_891505.txt,,y,y,n,n,n
1998_892005.txt,,n,y,n,n,n
1998_892272.txt,,n,y,n,n,n
1998_892603.txt,,y,n,y,y,y
1998_892987.txt,,y,n,y,y,y
1998_893373.txt,,y,n,y,n,n
1998_894005.txt,,y,y,n,n,y
1998_894233.txt,,y,y,n,y,n
1998_895104.txt,,y,y,y,n,n
1998_898988.txt,,y,n,n,n,y
1998_899161.txt,,n,y,n,n,y
1998_899637.txt,,y,n,y,y,y
1998_903636.txt,,y,n,y,y,y
1998_910501.txt,,y,y,n,n,y
1998_911582.txt,,n,n,y,y,y
1998_911801.txt,,n,n,n,y,y
1998_913489.txt,,y,y,y,n,y
1998_914538.txt,,n,y,n,y,n
1998_916137.txt,,y,y,y,y,n
1998_917906.txt,,n,y,n,y,y
1998_918489.txt,,y,n,n,n,n
1998_923736.txt,,n,y,n,y,y
1998_930178.txt,,n,n,n,n,y
1998_930477.txt,,y,y,y,n,n
1998_930531.txt,,y,y,y,y,n
1998_931283.txt,,n,y,n,n,n
1998_932048.txt,,y,n,y,y,n
1998_932105.txt,,y,y,y,n,n
1998_932270.txt,,y,y,n,n,n
1998_932282.txt,,y,y,n,n,y
1998_935951.txt,,n,n,n,n,n
1998_937081.txt,,y,y,n,n,n
1998_937597.txt,,y,y,y,n,n
1998_938927.txt,,n,y,n,n,y
1998_948975.txt,,n,y,n,n,y
1998_951711.txt,,y,n,y,y,n
1998_952325.txt,,n,y,y,n,n
1998_953267.txt,,n,y,n,n,y
1998_953660.txt,,n,y,y,y,y
1998_953943.txt,,y,y,n,n,y
1998_954253.txt,,n,n,y,y,y
1998_955304.txt,,y,n,y,y,y
1998_955635.txt,,n,n,y,n,y
1998_957032.txt,,n,y,y,n,y
1998_957413.txt,,n,n,n,n,y
1998_958207.txt,,n,n,y,n,y
1998_959060.txt,,n,n,y,n,y
1998_959379.txt,,n,y,n,n,y
1998_959637.txt,,y,n,n,n,y
1998_959671.txt,,n,n,y,n,n
1998_959778.txt,,n,n,n,y,y
1998_961471.txt,,n,y,n,y,y
1998_962325.txt,,y,n,y,n,n
1998_969027.txt,,y,n,n,y,n
1998_973673.txt,,y,y,y,n,y
1998_973785.txt,,y,n,y,n,n
1998_976037.txt,,n,y,n,n,n
1998_976047.txt,,n,n,y,n,n
1998_976201.txt,,y,n,y,n,n
1998_978035.txt,,n,y,n,n,y
1998_979711.txt,,y,y,n,y,y
1998_984104.txt,,n,n,y,y,y
1998_987677.txt,,n,n,n,n,n
1998_990689.txt,,y,y,n,y,y
1998_992657.txt,,n,y,n,y,y
1998_995476.txt,,y,y,y,y,n
1998_995489.txt,,y,n,y,y,n
1998_997019.txt,,y,n,y,y,n
1999_015497.txt,,y,y,n,y,n
1999_017532.txt,,n,n,n,n,y
1999_017722.txt,,y,y,y,y,n
1999_026284.txt,,n,n,y,n,y
1999_031708.txt,,y,n,n,y,y
1999_034196.txt,,n,y,n,n,y
1999_035988.txt,,y,n,y,y,y
1999_036696.txt,,y,n,y,n,n
1999_037068.txt,,y,y,n,y,y
1999_038868.txt,,y,n,y,y,y
1999_044829.txt,,y,y,n,y,y
1999_048310.txt,,y,y,y,n,y
1999_048437.txt,,n,y,n,y,n
1999_051990.txt,,y,n,y,y,y
1999_053082.txt,,y,n,n,n,y
1999_054430.txt,,n,n,y,n,y
1999_059843.txt,,n,y,y,n,n
1999_065414.txt,,n,y,n,n,n
1999_073763.txt,,n,y,n,n,n
1999_092698.txt,,y,n,n,n,n
1999_111132.txt,,n,y,y,y,y
1999_116775.txt,,y,n,y,y,y
1999_120173.txt,,n,n,n,n,y
1999_120720.txt,,n,n,y,n,y
1999_144526.txt,,n,y,y,n,n
1999_149262.txt,,y,y,n,y,n
1999_161555.txt,,y,n,y,y,y
1999_163164.txt,,n,y,n,n,n
1999_179025.txt,,y,n,y,y,y
1999_180595.txt,,y,y,n,n,y
1999_203901.txt,,n,y,n,y,y
1999_262761.txt,,y,n,y,y,n
1999_266590.txt,,y,n,n,y,n
1999_290145.txt,,y,n,y,y,y
1999_301121.txt,,y,y,n,n,y
1999_322993.txt,,n,y,y,n,y
1999_351005.txt,,y,n,n,y,n
1999_412663.txt,,n,y,n,n,y
1999_413605.txt,,y,n,y,y,n
1999_417642.txt,,y,n,y,y,n
1999_419686.txt,,y,n,y,y,n
1999_431078.txt,,y,y,y,y,y
1999_431358.txt,,n,n,n,n,y
1999_453692.txt,,y,y,n,y,n
1999_463051.txt,,n,n,n,y,n
1999_474029.txt,,n,y,n,y,n
1999_481986.txt,,n,y,n,n,n
1999_496885.txt,,y,n,n,y,y
1999_498508.txt,,n,n,y,n,y
1999_504631.txt,,y,n,n,y,n
1999_509698.txt,,n,y,n,y,n
1999_510014.txt,,n,y,n,n,y
1999_512642.txt,,y,n,y,y,y
1999_513945.txt,,n,y,y,y,y
1999_514159.txt,,y,n,y,n,y
1999_517561.txt,,n,y,n,n,y
1999_518310.txt,,n,n,n,n,n
1999_518635.txt,,n,y,n,y,y
1999_519273.txt,,y,n,y,y,y
1999_530010.txt,,y,y,y,n,n
1999_531209.txt,,n,y,n,y,y
1999_532271.txt,,y,n,n,n,y
1999_532982.txt,,n,y,n,n,n
1999_533810.txt,,y,y,n,y,y
1999_534553.txt,,y,n,n,y,n
1999_534958.txt,,y,n,y,n,n
1999_536383.txt,,n,n,n,y,y
1999_536608.txt,,y,n,y,y,n
1999_536836.txt,,y,n,y,y,n
1999_538156.txt,,n,n,y,n,y
1999_539521.txt,,y,n,y,y,n
1999_539537.txt,,n,y,n,y,n
1999_539859.txt,,n,y,y,n,n
1999_542071.txt,,y,y,n,y,n
1999_543655.txt,,y,y,y,n,y
1999_550043.txt,,y,y,y,n,n
1999_550241.txt,,y,n,y,n,n
1999_550266.txt,,y,y,n,y,n
1999_550578.txt,,y,y,n,n,y
1999_550680.txt,,y,y,n,n,n
1999_551166.txt,,y,y,y,y,y
1999_551864.txt,,n,y,n,y,n
1999_553171.txt,,n,n,y,n,y
1999_553173.txt,,y,y,n,y,y
1999_553838.txt,,y,n,y,n,n
1999_554638.txt,,y,n,y,y,y
1999_554750.txt,,n,y,n,n,n
1999_555751.txt,,y,y,n,n,n
1999_555952.txt,,y,y,n,y,y
1999_556061.txt,,y,y,y,y,y
1999_556110.txt,,y,n,y,n,n
1999_556458.txt,,n,n,n,n,y
1999_556939.txt,,y,n,y,n,n
1999_557730.txt,,y,n,y,y,n
1999_557740.txt,,y,n,n,y,n
1999_558853.txt,,y,y,n,n,n
1999_559000.txt,,y,y,n,n,n
1999_559341.txt,,n,y,y,n,n
1999_559746.txt,,y,n,y,y,n
1999_559897.txt,,y,y,y,y,y
1999_559949.txt,,y,y,y,n,y
1999_559950.txt,,n,y,n,n,n
1999_560408.txt,,n,y,n,y,y
1999_570986.txt,,y,n,n,n,n
1999_571433.txt,,n,y,y,n,n
1999_571695.txt,,y,n,y,y,n
1999_572182.txt,,y,n,y,n,y
1999_572284.txt,,n,y,y,n,n
1999_572353.txt,,n,n,y,n,n
1999_572922.txt,,n,y,y,n,y
1999_572969.txt,,y,n,y,y,y
1999_573121.txt,,n,n,y,y,y
1999_573291.txt,,n,n,n,n,n
1999_574354.txt,,y,y,y,n,y
1999_574545.txt,,n,n,n,y,n
1999_574825.txt,,y,y,y,n,y
1999_575476.txt,,n,n,n,y,y
1999_576140.txt,,n,n,n,y,n
1999_576213.txt,,y,n,n,y,n
1999_576725.txt,,y,y,y,y,y
1999_578241.txt,,n,y,n,y,y
1999_578826.txt,,n,n,n,n,y
1999_590509.txt,,y,n,n,n,y
1999_592250.txt,,y,y,y,n,n
1999_595395.txt,,y,y,y,n,n
1999_595531.txt,,n,y,y,n,n
1999_595780.txt,,y,n,y,n,y
1999_598659.txt,,n,n,n,n,n
1999_599952.txt,,y,n,y,n,n
1999_602191.txt,,y,n,y,n,y
1999_606178.txt,,y,n,y,y,n
1999_609608.txt,,y,n,n,n,y
1999_614052.txt,,y,n,y,y,y
1999_617565.txt,,y,n,y,n,y
1999_619944.txt,,n,y,y,n,y
1999_631575.txt,,n,y,n,n,y
1999_632096.txt,,n,y,n,y,n
1999_632513.txt,,y,n,n,y,y
1999_632523.txt,,y,n,n,n,n
1999_633265.txt,,y,y,y,n,y
1999_633874.txt,,n,y,y,y,n
1999_634091.txt,,y,n,y,n,y
1999_634637.txt,,n,n,y,y,n
1999_637380.txt,,n,y,y,n,n
1999_638078.txt,,y,y,n,y,y
1999_638622.txt,,y,n,y,y,n
1999_638698.txt,,y,n,y,y,y
1999_639076.txt,,n,n,y,n,n
1999_639934.txt,,y,n,y,y,y
1999_640688.txt,,n,y,n,y,y
1999_643860.txt,,n,y,y,n,y
1999_652329.txt,,n,n,n,n,n
1999_652391.txt,,y,y,n,n,n
1999_652663.txt,,n,n,n,n,y
1999_653570.txt,,n,y,y,y,n
1999_655935.txt,,y,y,n,y,y
1999_656142.txt,,y,n,y,y,n
1999_656865.txt,,n,y,n,n,y
1999_657716.txt,,y,n,y,y,y
1999_658945.txt,,y,n,y,y,y
1999_658999.txt,,n,y,n,y,n
1999_670149.txt,,n,n,n,y,y
1999_670670.txt,,y,n,n,y,n
1999_670780.txt,,n,y,y,n,y
1999_672030.txt,,y,n,y,n,n
1999_673541.txt,,y,n,y,y,n
1999_674246.txt,,n,y,y,n,y
1999_674417.txt,,y,n,y,y,y
1999_674686.txt,,y,n,y,n,n
1999_674897.txt,,y,n,n,y,n
1999_675416.txt,,n,y,n,n,n
1999_676943.txt,,y,n,y,n,y
1999_679211.txt,,n,y,n,n,n
1999_680598.txt,,y,n,y,y,y
1999_680873.txt,,n,n,n,n,y
1999_685234.txt,,y,y,y,y,y
1999_691305.txt,,y,n,n,n,y
1999_692095.txt,,y,y,y,n,n
1999_693817.txt,,y,n,y,n,y
1999_694265.txt,,n,y,y,n,y
1999_695361.txt,,y,n,y,n,n
1999_696559.txt,,n,y,y,n,n
1999_696933.txt,,n,n,y,y,y
1999_697937.txt,,y,y,y,n,y
1999_699577.txt,,n,n,y,y,y
1999_699805.txt,,y,y,n,y,n
1999_700687.txt,,n,y,n,n,y
1999_701409.txt,,n,n,y,n,n
1999_701420.txt,,n,y,n,n,y
1999_703351.txt,,y,y,n,y,y
1999_703715.txt,,n,n,y,n,y
1999_706452.txt,,n,y,n,n,y
1999_707577.txt,,n,y,n,n,y
1999_710269.txt,,n,n,n,n,y
1999_711103.txt,,n,y,n,n,y
1999_714263.txt,,y,n,n,n,n
1999_714384.txt,,y,y,y,y,n
1999_714645.txt,,n,y,y,n,y
1999_715155.txt,,y,y,y,y,y
1999_716114.txt,,n,y,n,y,n
1999_718251.txt,,y,n,n,n,y
1999_718342.txt,,y,n,y,y,n
1999_718951.txt,,y,y,n,y,y
1999_731141.txt,,n,y,y,n,n
1999_731414.txt,,y,y,n,y,n
1999_732219.txt,,y,n,y,y,n
1999_732551.txt,,y,n,y,y,y
1999_735895.txt,,n,y,n,n,n
1999_736075.txt,,y,n,n,n,n
1999_736368.txt,,n,y,n,y,n
1999_737251.txt,,n,y,n,n,y
1999_738505.txt,,n,y,n,y,n
1999_739810.txt,,n,y,y,n,y
1999_741261.txt,,n,y,n,n,n
1999_742385.txt,,y,n,n,n,n
1999_748492.txt,,y,n,y,n,n
1999_750682.txt,,y,y,n,n,n
1999_752651.txt,,n,n,y,y,n
1999_756180.txt,,y,n,n,y,n
1999_756841.txt,,n,y,n,y,n
1999_757130.txt,,y,n,n,y,y
1999_765745.txt,,y,y,y,y,n
1999_771726.txt,,n,n,y,n,n
1999_772974.txt,,y,n,y,y,n
1999_775955.txt,,n,y,n,y,y
1999_777564.txt,,y,y,n,y,y
1999_779803.txt,,y,y,y,n,y
1999_780103.txt,,y,y,n,y,n
1999_781663.txt,,n,y,n,n,n
1999_782869.txt,,y,n,y,n,y
1999_785713.txt,,y,n,y,n,y
1999_787498.txt,,y,y,n,y,y
1999_787983.txt,,y,n,n,n,y
1999_792249.txt,,n,y,y,n,n
1999_792994.txt,,y,y,y,y,n
1999_793883.txt,,n,y,y,y,y
1999_794411.txt,,n,n,y,n,n
1999_794811.txt,,n,y,n,n,n
1999_799457.txt,,y,n,y,y,n
1999_800087.txt,,n,y,n,n,y
1999_801057.txt,,y,y,y,y,y
1999_810023.txt,,n,y,n,n,n
1999_811591.txt,,n,y,y,y,n
1999_811679.txt,,y,y,n,n,n
1999_812401.txt,,n,n,y,y,y
1999_813486.txt,,n,y,y,n,n
1999_814133.txt,,n,y,n,n,n
1999_814929.txt,,y,n,y,n,y
1999_815617.txt,,n,n,n,y,y
1999_815984.txt,,y,n,n,y,n
1999_818192.txt,,y,n,y,y,y
1999_819302.txt,,n,y,y,n,y
1999_821141.txt,,n,n,y,n,y
1999_832140.txt,,y,y,n,n,y
1999_835497.txt,,y,y,n,n,y
1999_836030.txt,,y,n,n,n,y
1999_836170.txt,,n,y,y,y,n
1999_837226.txt,,n,y,n,n,y
1999_838579.txt,,n,y,y,n,y
1999_838641.txt,,y,n,y,y,n
1999_838987.txt,,y,y,y,y,y
1999_839013.txt,,y,n,y,y,y
1999_840252.txt,,y,n,y,n,n
1999_846387.txt,,y,y,n,y,y
1999_851896.txt,,n,n,n,y,n
1999_851919.txt,,y,n,y,y,n
1999_852154.txt,,y,n,y,n,y
1999_852277.txt,,y,y,y,y,n
1999_853304.txt,,n,y,y,n,y
1999_853377.txt,,y,y,n,n,n
1999_854382.txt,,n,y,y,y,n
1999_854693.txt,,n,y,n,n,y
1999_855558.txt,,y,n,y,n,y
1999_855682.txt,,y,y,n,n,y
1999_856386.txt,,n,y,n,y,n
1999_859522.txt,,n,n,y,n,y
1999_859566.txt,,n,n,y,n,y
1999_869069.txt,,y,y,y,n,n
1999_871353.txt,,n,y,n,y,n
1999_871544.txt,,n,n,y,y,n
1999_872645.txt,,y,y,y,n,y
1999_872843.txt,,y,n,y,y,y
1999_873155.txt,,y,y,y,y,n
1999_873499.txt,,y,n,y,y,n
1999_873569.txt,,y,y,n,n,y
1999_874130.txt,,n,n,y,y,y
1999_874234.txt,,n,n,y,n,y
1999_876264.txt,,y,n,n,n,n
1999_876535.txt,,n,n,y,n,y
1999_877024.txt,,n,y,n,y,y
1999_877268.txt,,y,n,y,n,y
1999_877795.txt,,y,y,y,y,y
1999_877851.txt,,y,n,y,y,n
1999_879977.txt,,n,y,n,n,y
1999_886360.txt,,n,y,y,n,y
1999_887899.txt,,n,y,n,y,n
1999_888427.txt,,n,y,n,y,n
1999_890093.txt,,n,n,y,y,y
1999_890187.txt,,n,n,y,n,y
1999_890258.txt,,y,y,y,y,n
1999_890629.txt,,y,y,n,n,n
1999_892421.txt,,n,y,y,n,y
1999_892501.txt,,y,n,n,n,n
1999_892569.txt,,y,y,y,n,n
1999_893124.txt,,y,y,n,n,y
1999_894712.txt,,y,n,y,y,y
1999_895575.txt,,n,n,n,n,y
1999_896020.txt,,n,n,y,y,y
1999_896023.txt,,y,n,y,y,y
1999_896204.txt,,y,n,y,y,n
1999_897233.txt,,n,y,n,n,y
1999_901945.txt,,y,n,y,y,n
1999_903880.txt,,n,n,y,y,y
1999_908748.txt,,y,n,n,y,y
1999_910113.txt,,n,y,y,y,n
1999_911756.txt,,y,y,y,y,y
1999_911928.txt,,n,n,n,y,y
1999_912253.txt,,n,y,y,y,n
1999_912499.txt,,n,y,n,y,n
1999_912743.txt,,y,y,y,y,y
1999_913026.txt,,y,n,y,y,n
1999_913369.txt,,n,n,n,n,y
1999_915168.txt,,n,y,y,y,n
1999_915239.txt,,y,n,n,n,n
1999_915366.txt,,y,n,y,y,n
1999_915632.txt,,n,n,n,y,n
1999_915866.txt,,n,n,y,n,y
1999_916221.txt,,y,n,y,y,y
1999_916431.txt,,y,n,y,y,y
1999_916443.txt,,y,y,n,n,n
1999_916457.txt,,n,y,n,n,y
1999_916707.txt,,n,n,n,n,y
1999_917031.txt,,y,y,y,y,n
1999_917645.txt,,y,n,n,y,n
1999_917875.txt,,y,y,n,n,y
1999_917974.txt,,y,y,n,y,y
1999_918847.txt,,n,y,y,n,y
1999_919095.txt,,n,y,n,y,y
1999_919150.txt,,y,y,n,n,y
1999_919315.txt,,n,n,y,n,n
1999_919689.txt,,y,y,n,n,n
1999_919796.txt,,n,y,y,n,n
1999_919820.txt,,y,y,n,y,n
1999_927566.txt,,y,y,n,y,y
1999_930619.txt,,y,y,y,y,y
1999_931394.txt,,n,y,n,y,n
1999_931826.txt,,y,y,y,y,n
1999_931987.txt,,n,n,y,n,y
1999_932586.txt,,n,n,n,y,n
1999_933074.txt,,n,y,y,n,y
1999_933177.txt,,y,n,y,y,n
1999_933681.txt,,y,n,y,n,n
1999_934402.txt,,y,y,y,y,n
1999_934482.txt,,n,y,n,n,n
1999_934611.txt,,y,n,n,n,y
1999_935355.txt,,y,n,y,n,y
1999_935699.txt,,y,n,y,y,y
1999_935891.txt,,n,n,y,n,y
1999_936347.txt,,n,y,n,y,y
1999_937378.txt,,y,n,n,y,y
1999_938294.txt,,y,n,n,y,n
1999_939985.txt,,n,y,y,n,y
1999_946196.txt,,y,n,y,n,n
1999_949937.txt,,y,y,y,n,y
1999_950573.txt,,y,y,y,n,y
1999_950942.txt,,n,y,n,y,n
1999_955689.txt,,n,y,y,n,n
1999_956491.txt,,y,n,y,n,n
1999_956679.txt,,n,n,y,n,y
1999_958720.txt,,n,n,n,y,y
1999_959624.txt,,y,n,y,y,n
1999_959747.txt,,n,n,y,y,y
1999_971541.txt,,y,y,y,n,y
1999_971941.txt,,y,y,y,n,y
1999_972522.txt,,n,n,n,n,n
1999_973303.txt,,y,n,y,y,y
1999_973407.txt,, one of them was pre-cal and I knew I could hadle that so it was basically only e306. Some other thoughts that also come to my mind at this moment are thoughts about my parents and how I miss them and my rest of my family back home. Thinking about that sometimes makes me sad but I don't let it get to me. I am usually a very happy person and people can tell when something is bothering me or not. lately I have not gone out mainly because no one has really invited me go out with them. But also because I have been a little low on money. There is money in the bank but I don't know for how long there will be money there. This summer I spent a lot more monwy than I should have spent. I don't usually worry about money but I really spent a lot and the worst part of it is that I don't know waht I spent it on. at this instant I am thinkign about my grades I got this summer. I was disappointed with them because I know I could of done better. I got a B in English in which I  am pretty satisfied because I can't write good at all. But I know I should of gotten an A in PRE Cal. I put a lot of effort and I thought I deserved an A but the teacher ws sort of a Bi---- towards the end. I was really frustrated with this. I had never been so caught on grades until this occurred. So instead of starting my college career with a 3. 5 I started with a f******* 3. 0. this really frieken sucks big time. ,y,n,y,n
1999_974189.txt,,y,y,n,y,n
1999_974267.txt,,n,y,n,n,y
1999_974896.txt,,n,n,n,n,y
1999_975769.txt,,n,y,n,n,y
1999_976054.txt,,n,n,y,n,y
1999_977072.txt,,n,n,n,n,y
1999_977136.txt,,n,y,n,y,n
1999_977955.txt,,y,n,y,y,n
1999_978044.txt,,n,y,y,n,y
1999_990785.txt,,y,y,y,y,y
1999_994744.txt,,y,n,y,y,y
1999_995708.txt,,y,n,y,y,y
1999_997807.txt,,n,y,n,n,y
2000_017203.txt,,n,y,y,n,n
2000_018694.txt,,y,y,y,n,n
2000_025613.txt,,y,y,n,y,y
2000_036354.txt,,n,y,y,y,n
2000_037152.txt,,y,y,y,y,y
2000_043320.txt,,y,y,n,n,n
2000_046320.txt,,y,n,n,y,n
2000_053427.txt,,y,n,y,y,y
2000_055956.txt,,n,y,n,n,n
2000_056817.txt,,n,y,n,n,y
2000_068873.txt,,n,n,n,y,y
2000_070391.txt,,y,n,y,y,y
2000_071231.txt,,y,n,y,n,y
2000_071590.txt,,n,y,n,n,n
2000_072770.txt,,y,y,n,n,y
2000_073377.txt,,y,y,n,n,y
2000_073482.txt,,y,y,y,n,y
2000_075257.txt,,y,n,n,y,y
2000_076876.txt,,n,y,n,n,n
2000_087939.txt,,n,y,y,n,n
2000_089261.txt,,y,n,y,y,y
2000_092791.txt,,n,y,n,n,y
2000_094896.txt,,n,y,n,n,y
2000_095846.txt,,y,y,n,y,n
2000_103398.txt,,n,y,y,y,n
2000_106715.txt,,y,y,y,y,y
2000_108295.txt,,n,y,n,n,y
2000_113623.txt,,y,n,y,y,y
2000_116293.txt,,n,n,n,y,y
2000_125276.txt,,n,y,n,y,n
2000_125323.txt,,y,n,y,y,y
2000_126788.txt,,n,n,y,n,y
2000_127329.txt,,y,n,y,y,y
2000_129388.txt,,y,y,y,y,y
2000_129591.txt,,y,n,y,y,y
2000_136760.txt,,y,y,y,n,y
2000_137009.txt,,n,y,y,n,y
2000_142386.txt,,y,y,n,y,n
2000_147469.txt,,y,y,y,y,n
2000_149433.txt,,y,y,y,y,y
2000_164084.txt,,y,n,y,n,n
2000_165339.txt,,n,y,n,y,n
2000_169838.txt,,n,y,n,n,y
2000_182860.txt,,n,y,n,n,y
2000_192088.txt,,y,n,y,y,n
2000_193715.txt,,n,n,y,n,n
2000_195422.txt,,n,y,y,n,y
2000_201466.txt,,n,y,y,n,y
2000_201617.txt,,y,n,n,y,n
2000_202633.txt,,n,n,y,y,n
2000_202646.txt,,n,y,n,y,y
2000_209131.txt,,n,y,y,y,y
2000_220258.txt,,y,y,n,n,y
2000_228423.txt,,y,y,n,y,y
2000_243888.txt,,n,y,y,n,n
2000_249703.txt,,n,n,y,y,n
2000_263307.txt,,n,n,y,y,n
2000_265656.txt,,y,y,y,n,n
2000_326314.txt,,y,n,y,n,y
2000_344399.txt,,n,y,y,y,n
2000_355626.txt,,n,y,n,n,y
2000_361463.txt,,y,n,n,n,n
2000_366096.txt,,n,y,n,y,n
2000_383598.txt,,n,n,y,y,n
2000_392315.txt,,y,n,n,n,n
2000_395177.txt,,y,n,y,y,y
2000_399465.txt,,n,n,n,y,n
2000_426306.txt,,y,n,y,y,n
2000_434142.txt,,n,y,n,n,n
2000_438850.txt,,n,y,y,n,n
2000_438892.txt,,y,y,y,n,y
2000_444531.txt,,n,y,n,n,n
2000_445053.txt,,y,n,y,n,n
2000_449662.txt,,y,n,y,n,n
2000_457131.txt,,n,n,n,y,y
2000_471124.txt,,y,n,n,n,y
2000_473088.txt,,y,n,n,n,y
2000_474953.txt,,n,y,n,n,n
2000_476720.txt,,n,n,y,n,y
2000_479895.txt,,y,n,y,y,n
2000_488372.txt,,n,y,n,y,n
2000_489004.txt,,n,n,n,n,n
2000_491338.txt,,n,y,n,n,n
2000_491597.txt,,n,y,n,y,y
2000_493241.txt,,n,y,y,y,y
2000_493416.txt,,n,n,n,n,n
2000_495087.txt,,n,y,n,y,n
2000_496987.txt,,y,n,y,y,y
2000_502904.txt,,n,y,n,n,n
2000_506851.txt,,n,y,n,n,n
2000_511532.txt,,y,n,y,y,y
2000_515950.txt,,n,y,n,n,y
2000_518815.txt,,y,n,n,y,y
2000_522291.txt,,n,y,n,y,n
2000_532944.txt,,y,y,y,n,n
2000_535579.txt,,n,y,n,y,y
2000_535643.txt,,n,n,n,y,n
2000_536125.txt,,y,n,y,y,y
2000_538230.txt,,y,n,y,y,n
2000_538992.txt,,y,y,n,n,n
2000_550042.txt,,n,y,n,n,n
2000_551546.txt,,n,y,n,n,n
2000_551702.txt,,y,n,y,n,n
2000_552630.txt,,y,n,n,y,y
2000_553353.txt,,n,y,n,y,y
2000_553656.txt,,y,n,n,n,y
2000_554253.txt,,n,n,n,y,y
2000_554818.txt,,n,n,n,y,n
2000_555436.txt,,n,y,y,y,y
2000_555854.txt,,n,n,y,y,n
2000_556086.txt,,y,n,n,y,n
2000_556251.txt,,n,n,n,y,n
2000_556380.txt,,n,n,n,n,n
2000_556394.txt,,y,y,y,y,n
2000_557603.txt,,n,n,n,n,n
2000_557731.txt,,y,n,n,y,n
2000_558628.txt,,n,y,n,y,n
2000_559995.txt,,n,n,n,n,n
2000_570524.txt,,n,y,y,n,n
2000_571000.txt,,y,y,n,n,y
2000_571136.txt,,n,n,y,y,n
2000_571191.txt,,n,n,y,y,n
2000_572078.txt,,y,n,y,y,y
2000_572190.txt,,n,y,y,y,y
2000_572513.txt,,y,n,y,y,y
2000_573032.txt,,n,y,n,n,n
2000_573694.txt,,y,y,n,n,y
2000_574185.txt,,y,n,y,y,y
2000_574384.txt,,n,y,n,y,y
2000_575013.txt,,n,y,y,n,n
2000_575736.txt,,n,n,n,n,n
2000_576170.txt,,n,n,y,y,n
2000_576206.txt,,n,n,y,y,n
2000_576262.txt,,y,y,n,n,n
2000_576785.txt,,y,n,n,y,y
2000_576862.txt,,y,n,y,n,y
2000_577273.txt,,y,y,y,n,n
2000_578422.txt,,y,n,y,y,y
2000_579092.txt,,n,y,n,y,n
2000_579113.txt,,y,y,y,y,n
2000_579209.txt,,y,n,y,y,n
2000_588595.txt,,n,y,y,y,n
2000_590024.txt,,n,n,n,n,n
2000_590052.txt,,y,y,n,y,y
2000_591006.txt,,y,n,y,y,y
2000_592197.txt,,n,y,n,n,y
2000_593590.txt,,y,n,y,y,y
2000_594909.txt,,y,y,y,y,n
2000_595506.txt,,y,n,n,y,n
2000_595927.txt,,y,n,n,n,y
2000_597336.txt,,y,y,n,y,n
2000_597791.txt,,y,y,n,y,n
2000_598240.txt,,n,y,n,n,y
2000_598326.txt,,y,y,n,y,y
2000_603647.txt,,n,y,n,n,n
2000_603794.txt,,y,n,n,y,n
2000_609764.txt,,n,y,n,n,y
2000_611855.txt,,n,n,y,y,y
2000_612220.txt,,y,y,n,y,n
2000_613264.txt,,n,y,y,y,n
2000_617458.txt,,y,y,y,n,y
2000_618192.txt,,y,n,y,y,n
2000_618252.txt,,n,y,n,n,y
2000_624145.txt,,n,y,n,n,n
2000_625276.txt,,y,n,y,y,y
2000_626823.txt,,y,n,y,n,n
2000_627458.txt,,y,n,y,y,n
2000_630184.txt,,n,y,y,y,n
2000_630441.txt,,y,n,y,y,y
2000_631445.txt,,n,n,y,n,y
2000_632019.txt,,y,n,y,y,y
2000_632418.txt,,n,n,y,y,n
2000_633128.txt,,n,y,n,y,n
2000_634121.txt,,n,n,y,n,n
2000_634868.txt,,n,n,n,y,y
2000_635111.txt,,y,n,n,y,y
2000_635183.txt,,n,y,n,y,y
2000_635601.txt,,y,n,y,n,y
2000_636338.txt,,n,y,y,y,y
2000_637256.txt,,y,y,n,n,n
2000_638334.txt,,y,y,y,y,y
2000_639729.txt,,n,y,y,n,n
2000_650927.txt,,n,n,y,n,y
2000_651614.txt,,y,y,y,y,n
2000_654054.txt,,y,n,n,y,y
2000_654531.txt,,n,y,n,n,y
2000_654664.txt,,y,n,n,y,y
2000_654954.txt,,n,n,y,n,n
2000_655876.txt,,n,y,n,n,n
2000_656111.txt,,y,y,n,n,y
2000_657578.txt,,n,y,n,n,n
2000_657883.txt,,n,y,y,y,y
2000_658123.txt,,y,y,n,n,n
2000_658182.txt,,n,y,y,n,y
2000_658353.txt,,y,y,y,y,n
2000_669620.txt,,y,n,n,y,y
2000_670361.txt,,y,n,n,n,y
2000_670567.txt,,n,n,y,y,y
2000_672399.txt,,y,y,n,n,n
2000_672860.txt,,n,n,y,y,n
2000_673542.txt,,n,n,n,n,n
2000_674316.txt,,y,y,n,n,y
2000_676072.txt,,y,y,n,y,y
2000_676612.txt,,n,n,n,y,n
2000_677716.txt,,y,n,n,n,y
2000_678534.txt,,n,n,y,y,n
2000_678824.txt,,y,n,y,y,n
2000_679010.txt,,y,n,y,y,n
2000_681563.txt,,n,y,n,n,n
2000_681975.txt,,n,y,n,n,n
2000_681979.txt,,y,y,y,n,y
2000_686023.txt,,y,n,n,y,y
2000_686663.txt,,n,y,y,n,n
2000_691241.txt,,n,y,y,y,n
2000_691500.txt,,y,n,y,n,y
2000_692520.txt,,n,y,n,n,y
2000_692644.txt,,y,n,n,y,n
2000_693765.txt,,y,y,n,y,n
2000_695124.txt,,n,n,y,y,y
2000_695156.txt,,n,y,n,n,n
2000_695312.txt,,y,y,n,y,y
2000_695512.txt,,y,y,n,y,n
2000_696080.txt,,y,n,y,y,y
2000_697879.txt,,n,n,y,y,y
2000_697936.txt,,n,y,n,y,n
2000_699624.txt,,y,n,y,y,y
2000_705533.txt,,y,n,y,n,y
2000_708496.txt,,n,y,n,y,n
2000_708835.txt,,n,n,y,y,y
2000_710105.txt,,y,y,y,y,y
2000_710150.txt,,y,y,y,n,n
2000_710213.txt,,y,y,n,n,y
2000_711029.txt,,y,n,n,n,n
2000_711990.txt,,n,n,y,y,y
2000_713951.txt,,y,y,n,n,y
2000_715549.txt,,y,y,n,y,n
2000_715921.txt,,y,n,y,y,n
2000_716913.txt,,y,y,y,n,y
2000_718172.txt,,n,y,n,n,y
2000_718183.txt,,n,n,n,y,y
2000_720844.txt,,n,n,n,y,n
2000_722078.txt,,n,y,y,n,n
2000_725071.txt,,n,y,n,y,n
2000_725207.txt,,n,n,n,n,y
2000_727952.txt,,y,n,y,y,y
2000_732617.txt,,n,y,n,y,y
2000_732735.txt,,n,y,n,y,y
2000_733409.txt,,y,n,y,n,y
2000_735261.txt,,y,n,n,n,y
2000_738686.txt,,n,n,n,y,y
2000_738753.txt,,y,n,n,y,n
2000_739608.txt,,n,y,n,n,n
2000_739643.txt,,n,y,n,y,n
2000_739722.txt,,n,n,y,n,n
2000_740979.txt,,n,y,n,n,n
2000_741743.txt,,n,n,y,n,y
2000_744485.txt,,y,n,y,y,y
2000_750679.txt,,n,y,y,n,y
2000_750971.txt,,y,n,y,y,y
2000_751883.txt,,n,y,n,y,y
2000_752178.txt,,y,n,n,y,n
2000_752353.txt,,y,y,n,y,n
2000_758465.txt,,n,y,y,n,n
2000_758531.txt,,y,y,n,y,y
2000_759523.txt,,n,n,y,y,n
2000_761809.txt,,y,y,y,y,y
2000_762391.txt,,n,n,n,y,y
2000_766519.txt,,n,n,y,y,y
2000_767391.txt,,n,n,y,n,y
2000_770472.txt,,n,n,n,n,n
2000_771081.txt,,y,n,y,y,n
2000_771407.txt,,y,n,n,y,y
2000_772049.txt,,n,n,y,y,n
2000_773497.txt,,n,y,n,y,n
2000_777531.txt,,n,y,n,n,n
2000_781318.txt,,n,y,n,y,y
2000_784017.txt,,y,n,n,n,n
2000_788565.txt,,n,y,y,n,n
2000_788927.txt,,y,n,y,n,n
2000_791766.txt,,n,n,y,y,y
2000_794320.txt,,y,y,n,y,y
2000_797956.txt,,y,y,y,y,y
2000_798629.txt,,n,y,n,n,y
2000_798791.txt,,y,y,n,y,n
2000_798925.txt,,n,y,y,n,y
2000_802646.txt,,n,n,y,n,y
2000_810134.txt,,n,y,n,n,y
2000_811126.txt,,y,y,n,y,y
2000_812056.txt,,y,n,n,y,y
2000_812774.txt,,y,n,y,y,y
2000_813544.txt,,n,y,n,n,n
2000_814284.txt,,y,y,n,y,n
2000_815592.txt,,y,n,n,n,y
2000_817078.txt,,n,y,y,n,n
2000_818614.txt,,n,n,y,y,n
2000_820571.txt,,n,y,n,y,n
2000_831232.txt,,y,n,y,n,y
2000_831814.txt,,y,y,n,n,y
2000_832071.txt,,y,n,y,y,n
2000_832658.txt,,n,y,n,n,y
2000_832857.txt,,n,n,y,y,n
2000_832875.txt,,y,n,y,y,y
2000_832879.txt,,y,n,y,y,n
2000_834851.txt,,y,n,y,y,y
2000_835974.txt,,y,y,y,y,y
2000_836234.txt,,n,y,n,n,y
2000_838741.txt,,y,y,y,n,n
2000_839089.txt,,n,y,n,y,y
2000_840640.txt,,y,n,n,y,n
2000_843977.txt,,n,y,y,y,y
2000_845859.txt,,y,n,y,y,n
2000_850667.txt,,n,n,y,y,y
2000_851590.txt,,y,y,n,y,y
2000_851716.txt,,n,n,y,y,y
2000_851969.txt,,n,y,n,y,n
2000_854141.txt,,n,n,n,y,n
2000_854458.txt,,n,y,y,y,n
2000_854482.txt,,y,y,y,y,y
2000_854761.txt,,n,y,n,n,n
2000_854954.txt,,y,n,n,y,n
2000_855326.txt,,y,n,y,y,y
2000_856478.txt,,y,y,y,y,y
2000_857295.txt,,y,y,y,y,n
2000_857364.txt,,n,y,n,n,y
2000_858070.txt,,n,y,n,n,n
2000_858636.txt,,n,n,y,y,n
2000_859325.txt,,n,y,y,y,n
2000_862726.txt,,y,y,n,n,n
2000_864302.txt,,n,n,y,n,n
2000_869726.txt,,n,n,n,y,n
2000_871438.txt,,n,y,n,y,n
2000_871605.txt,,y,n,y,y,y
2000_871706.txt,,y,n,y,y,y
2000_871804.txt,,n,n,y,y,y
2000_871816.txt,,y,n,y,y,y
2000_871821.txt,,n,n,n,y,y
2000_872110.txt,,y,n,y,n,y
2000_872907.txt,,y,y,n,n,y
2000_873310.txt,,n,y,n,n,n
2000_873558.txt,,y,n,y,y,y
2000_874178.txt,,n,y,n,n,y
2000_874608.txt,,n,n,y,n,y
2000_875345.txt,,y,n,y,y,n
2000_876118.txt,,n,y,n,n,y
2000_876538.txt,,n,y,n,n,y
2000_876930.txt,,y,n,y,y,y
2000_877296.txt,,n,n,y,y,y
2000_878834.txt,,n,n,y,n,y
2000_879234.txt,,n,n,y,y,y
2000_882352.txt,,y,y,y,y,y
2000_890512.txt,,y,n,y,y,y
2000_890770.txt,,y,y,n,n,y
2000_891089.txt,,y,n,y,y,y
2000_891125.txt,,y,y,y,y,n
2000_891138.txt,,n,n,y,y,y
2000_891322.txt,,y,n,n,y,n
2000_891622.txt,,n,y,n,n,n
2000_892157.txt,,y,n,n,y,y
2000_892239.txt,,y,n,n,y,y
2000_892829.txt,,n,y,n,n,y
2000_892887.txt,,y,y,n,y,n
2000_893872.txt,,y,n,y,y,n
2000_894277.txt,,y,n,n,n,y
2000_894444.txt,,y,y,y,y,y
2000_894718.txt,,n,y,y,y,n
2000_894986.txt,,y,n,y,n,y
2000_895005.txt,,n,n,y,y,n
2000_896348.txt,,n,y,y,y,y
2000_896506.txt,,n,n,y,n,y
2000_896824.txt,,y,n,y,y,y
2000_897928.txt,,n,y,n,n,n
2000_897981.txt,,y,n,y,y,n
2000_898561.txt,,n,y,y,y,y
2000_899564.txt,,n,n,y,y,n
2000_899852.txt,,n,n,y,n,y
2000_904579.txt,,y,n,y,n,n
2000_905497.txt,,n,y,n,n,y
2000_908148.txt,,y,n,y,y,y
2000_908900.txt,,y,n,y,y,n
2000_909238.txt,,y,y,y,y,n
2000_910351.txt,,y,y,y,n,n
2000_911572.txt,,n,n,y,y,y
2000_911587.txt,,n,y,n,n,n
2000_912233.txt,,y,n,n,y,y
2000_912341.txt,,y,y,y,y,y
2000_912563.txt,,n,n,y,y,n
2000_912827.txt,,y,y,n,n,n
2000_913207.txt,,n,n,n,y,y
2000_913399.txt,,y,y,n,n,y
2000_913632.txt,,y,n,y,y,y
2000_914067.txt,,n,n,n,n,y
2000_914079.txt,,n,y,n,n,n
2000_914251.txt,,y,n,n,y,y
2000_914317.txt,,y,y,y,y,y
2000_914520.txt,,n,y,n,n,n
2000_915058.txt,,n,y,n,n,y
2000_915297.txt,,y,y,n,n,y
2000_915657.txt,,y,n,n,n,n
2000_916422.txt,,y,y,n,n,n
2000_916816.txt,,y,n,n,n,n
2000_917531.txt,,n,y,n,n,n
2000_918314.txt,,y,n,y,y,y
2000_918787.txt,,n,y,n,n,n
2000_918832.txt,,n,n,n,n,y
2000_919336.txt,,y,y,y,y,y
2000_929783.txt,,y,y,n,n,n
2000_930465.txt,,y,y,n,n,y
2000_930976.txt,,n,n,y,y,y
2000_931061.txt,,n,y,n,n,n
2000_932050.txt,,y,y,n,n,y
2000_932839.txt,,y,y,n,y,y
2000_933158.txt,,y,y,y,y,y
2000_933277.txt,,y,y,n,y,n
2000_933324.txt,,y,y,n,y,n
2000_933743.txt,,n,n,y,y,y
2000_934269.txt,,n,y,n,n,y
2000_935195.txt,,n,n,n,y,y
2000_935326.txt,,n,y,n,n,n
2000_935602.txt,,y,n,y,y,y
2000_936005.txt,,y,n,n,n,y
2000_936978.txt,,n,n,n,n,y
2000_938506.txt,,n,y,n,n,n
2000_938520.txt,,n,n,n,n,n
2000_939521.txt,,y,n,y,n,y
2000_939561.txt,,y,y,n,y,y
2000_939950.txt,,y,n,y,n,n
2000_940609.txt,,y,n,y,y,y
2000_945903.txt,,n,y,y,n,y
2000_949785.txt,,n,y,n,y,n
2000_950082.txt,,y,n,y,n,y
2000_950163.txt,,y,y,y,n,y
2000_951137.txt,,n,y,y,y,n
2000_951373.txt,,n,y,y,y,n
2000_951548.txt,,y,y,n,y,y
2000_951640.txt,,y,y,y,n,y
2000_951695.txt,,y,n,y,y,n
2000_952120.txt,,n,n,y,y,y
2000_952164.txt,,n,n,n,y,n
2000_952191.txt,,n,n,y,y,n
2000_952391.txt,,y,n,n,n,y
2000_952457.txt,,y,n,n,n,n
2000_952476.txt,,y,y,y,y,n
2000_952488.txt,,y,n,y,n,n
2000_952851.txt,,y,n,n,y,y
2000_952893.txt,,y,n,y,n,y
2000_952907.txt,,y,n,n,n,n
2000_953763.txt,,n,y,n,n,n
2000_954075.txt,,y,y,y,n,y
2000_954100.txt,,n,n,n,n,y
2000_954203.txt,,n,y,y,n,n
2000_954778.txt,,y,n,n,y,n
2000_956652.txt,,n,n,y,n,n
2000_957713.txt,,n,n,y,y,n
2000_958343.txt,,y,y,n,y,y
2000_959324.txt,,n,y,n,n,y
2000_959855.txt,,n,y,y,y,y
2000_962395.txt,,n,y,n,y,y
2000_966826.txt,,y,y,n,n,y
2000_973864.txt,,n,y,n,y,n
2000_975545.txt,,y,n,y,y,y
2000_975827.txt,,y,n,n,y,n
2000_976039.txt,,y,n,n,y,y
2000_976328.txt,,n,y,n,y,n
2000_979459.txt,,n,y,n,n,y
2000_990457.txt,,n,n,y,y,n
2000_991293.txt,,n,y,y,y,n
2000_992099.txt,,n,y,y,y,n
2000_992182.txt,,y,y,y,y,y
2000_993693.txt,,y,y,y,n,n
2000_993709.txt,,y,n,n,y,y
2000_995275.txt,,n,y,n,n,n
2000_997950.txt,,n,y,y,n,n
2000_997973.txt,,y,n,y,y,n
2000_999176.txt,,n,y,n,n,y
2002_011084.txt,,n,n,y,n,y
2002_011190.txt,,y,y,n,y,y
2002_012097.txt,,y,n,n,y,y
2002_012137.txt,,n,n,n,y,y
2002_012297.txt,,y,n,n,y,y
2002_013073.txt,,n,y,n,n,n
2002_013468.txt,,y,n,y,y,n
2002_016413.txt,,n,n,y,n,y
2002_017993.txt,,n,n,n,y,y
2002_019782.txt,,n,y,n,n,n
2002_024555.txt,,y,n,y,n,y
2002_030481.txt,,y,n,n,y,y
2002_030576.txt,,n,n,y,y,n
2002_031391.txt,,y,n,n,n,n
2002_031539.txt,,y,n,y,y,n
2002_032413.txt,,y,y,n,n,y
2002_033027.txt,,n,y,n,n,y
2002_036006.txt,,y,y,n,y,n
2002_037308.txt,,n,n,y,n,y
2002_037524.txt,,n,y,n,n,n
2002_039325.txt,,y,n,n,n,y
2002_039437.txt,,n,n,n,y,n
2002_039681.txt,,y,y,n,n,n
2002_039724.txt,,y,y,n,y,y
2002_040858.txt,,n,y,n,n,n
2002_050001.txt,,n,n,y,n,n
2002_050159.txt,,n,y,n,n,y
2002_053186.txt,,n,y,n,n,n
2002_053286.txt,,n,n,y,y,n
2002_054002.txt,,y,y,n,n,n
2002_054506.txt,,y,y,y,n,n
2002_054737.txt,,y,n,y,y,y
2002_056431.txt,,y,y,n,y,y
2002_056534.txt,,y,n,n,y,n
2002_056707.txt,,y,n,y,n,n
2002_057765.txt,,y,y,n,y,n
2002_058891.txt,,y,y,y,y,n
2002_059772.txt,,y,n,y,y,y
2002_061064.txt,,n,n,y,n,n
2002_070547.txt,,y,n,y,y,n
2002_072432.txt,,n,y,n,n,y
2002_075063.txt,,n,y,y,n,n
2002_075649.txt,,y,y,y,n,y
2002_075732.txt,,n,n,y,y,n
2002_077466.txt,,n,n,n,n,y
2002_077680.txt,,n,y,n,y,n
2002_078589.txt,,y,y,y,y,n
2002_078803.txt,,n,y,n,n,n
2002_078994.txt,,n,y,n,n,n
2002_079437.txt,,y,y,n,n,y
2002_082237.txt,,y,n,y,n,n
2002_091020.txt,,n,n,y,y,n
2002_091935.txt,,y,n,n,n,y
2002_092819.txt,,y,n,y,y,y
2002_095727.txt,,n,y,y,n,y
2002_097387.txt,,n,n,y,n,n
2002_098864.txt,,n,n,y,y,n
2002_101063.txt,,y,n,y,n,n
2002_102020.txt,,n,y,n,y,y
2002_104095.txt,,y,n,n,n,y
2002_105085.txt,,n,y,n,n,n
2002_105793.txt,,y,n,y,y,n
2002_106590.txt,,n,y,y,y,n
2002_106981.txt,,n,n,n,n,y
2002_107209.txt,,n,y,y,n,y
2002_107435.txt,,n,y,n,n,n
2002_107914.txt,,y,y,n,y,n
2002_107925.txt,,y,y,y,y,y
2002_108161.txt,,n,y,n,n,n
2002_109622.txt,,n,n,y,y,n
2002_121357.txt,,y,n,y,n,n
2002_121479.txt,,n,n,y,n,n
2002_122312.txt,,n,y,n,y,n
2002_122581.txt,,n,n,n,y,y
2002_123025.txt,,n,n,y,n,y
2002_127941.txt,,y,n,y,y,n
2002_129211.txt,,y,n,n,y,y
2002_134251.txt,,y,n,y,n,y
2002_136641.txt,,y,n,n,y,n
2002_142749.txt,,y,y,n,n,n
2002_143981.txt,,y,y,y,n,n
2002_145993.txt,,n,y,n,y,y
2002_147025.txt,,n,y,n,n,n
2002_147942.txt,,n,y,n,y,y
2002_155948.txt,,y,n,n,n,y
2002_159833.txt,,y,n,n,y,n
2002_162856.txt,,n,n,n,y,y
2002_166663.txt,,y,n,y,n,n
2002_167717.txt,,y,n,y,y,n
2002_178264.txt,,n,n,n,n,y
2002_183166.txt,,n,y,y,y,n
2002_196396.txt,,n,n,y,y,n
2002_226723.txt,,y,n,n,y,y
2002_230441.txt,,y,y,n,y,n
2002_243325.txt,,n,y,n,y,n
2002_243882.txt,,y,n,y,y,y
2002_248117.txt,,n,n,y,y,y
2002_285967.txt,,y,y,n,n,y
2002_293192.txt,,y,n,y,y,y
2002_309031.txt,,n,n,y,y,y
2002_314490.txt,,n,n,n,n,n
2002_325630.txt,,y,n,y,n,n
2002_362136.txt,,y,n,y,n,y
2002_368760.txt,,y,n,n,y,n
2002_371941.txt,,y,y,n,n,y
2002_372240.txt,,n,n,y,n,n
2002_372968.txt,,y,y,y,n,y
2002_381292.txt,,n,y,n,n,y
2002_387292.txt,,n,y,n,y,n
2002_415181.txt,,y,y,n,n,y
2002_423774.txt,,n,y,n,n,y
2002_425417.txt,,n,y,y,n,y
2002_438589.txt,,n,y,n,y,n
2002_464678.txt,,y,n,n,n,y
2002_478832.txt,,n,n,n,y,n
2002_483303.txt,,n,n,n,n,n
2002_484135.txt,,y,y,y,n,n
2002_494571.txt,,y,n,n,y,y
2002_496623.txt,,n,n,y,y,n
2002_497579.txt,,n,n,y,y,y
2002_503062.txt,,n,y,y,y,n
2002_516812.txt,,y,n,n,y,y
2002_517265.txt,,n,y,y,n,n
2002_517301.txt,,n,n,n,n,y
2002_517848.txt,,n,n,n,n,n
2002_519780.txt,,n,y,n,n,n
2002_523940.txt,,n,y,y,n,n
2002_524226.txt,,y,y,n,n,n
2002_524643.txt,,n,n,n,y,y
2002_530975.txt,,y,n,n,n,y
2002_534467.txt,,y,y,n,y,n
2002_536911.txt,,y,n,y,y,y
2002_537905.txt,,y,y,y,n,y
2002_538120.txt,,y,n,y,y,y
2002_538196.txt,,y,y,y,y,y
2002_552990.txt,,n,n,y,y,y
2002_556484.txt,,n,y,n,n,y
2002_578490.txt,,y,y,y,y,y
2002_584034.txt,,n,n,y,y,y
2002_593941.txt,,n,y,y,y,y
2002_595268.txt,,n,y,n,n,y
2002_609940.txt,,n,y,n,n,n
2002_610093.txt,,n,n,n,n,n
2002_612369.txt,,y,n,y,y,y
2002_618490.txt,,n,y,n,n,y
2002_619916.txt,,y,n,y,y,n
2002_619972.txt,,n,y,n,n,y
2002_631016.txt,,y,n,y,y,y
2002_631686.txt,,y,n,y,n,n
2002_637171.txt,,n,n,y,y,n
2002_637194.txt,,y,n,y,y,y
2002_643046.txt,,n,y,n,n,y
2002_643142.txt,,n,n,n,n,y
2002_647168.txt,,n,n,n,n,n
2002_650332.txt,,y,y,n,y,y
2002_651690.txt,,y,n,n,n,n
2002_651875.txt,,y,n,y,n,y
2002_652482.txt,,y,y,y,y,n
2002_652604.txt,,n,y,y,y,n
2002_653140.txt,,y,y,n,n,n
2002_653595.txt,,n,y,y,n,n
2002_653762.txt,,y,n,n,y,n
2002_654278.txt,,y,n,n,y,n
2002_654785.txt,,n,y,n,n,y
2002_654953.txt,,n,n,n,y,y
2002_655082.txt,,n,n,n,n,n
2002_657022.txt,,n,y,y,y,y
2002_657764.txt,,y,n,y,n,y
2002_659246.txt,,y,n,y,y,n
2002_659290.txt,,n,y,n,y,n
2002_659436.txt,,n,n,n,y,n
2002_659456.txt,,n,n,n,y,n
2002_663634.txt,,n,y,y,y,n
2002_665348.txt,,n,n,y,y,y
2002_671391.txt,,n,y,n,y,n
2002_672254.txt,,n,y,n,y,n
2002_672547.txt,,y,y,n,n,y
2002_672631.txt,,n,y,n,y,n
2002_672697.txt,,n,y,n,y,n
2002_672755.txt,,n,y,y,y,n
2002_673275.txt,,n,y,y,n,n
2002_673433.txt,,n,n,y,y,n
2002_673493.txt,,y,n,y,y,n
2002_673962.txt,,n,y,y,y,y
2002_674784.txt,,y,n,n,n,y
2002_674833.txt,,y,y,y,n,y
2002_674956.txt,,n,n,y,n,y
2002_675006.txt,,n,n,y,n,y
2002_675023.txt,,y,n,y,n,n
2002_675309.txt,,n,n,n,n,y
2002_676062.txt,,n,y,y,n,n
2002_676085.txt,,y,n,y,n,y
2002_676095.txt,,n,n,y,y,y
2002_676992.txt,,y,n,y,y,n
2002_677203.txt,,n,n,y,n,n
2002_678172.txt,,n,y,n,n,y
2002_678269.txt,,y,y,n,n,n
2002_678520.txt,,n,n,y,y,n
2002_678622.txt,,y,n,n,n,y
2002_678839.txt,,y,n,y,y,y
2002_679216.txt,,y,y,y,y,y
2002_680513.txt,,y,n,n,n,y
2002_680572.txt,,n,n,y,y,y
2002_690231.txt,,n,n,y,y,y
2002_690292.txt,,y,n,n,y,n
2002_690395.txt,,y,y,y,n,n
2002_690992.txt,,n,y,y,n,y
2002_691745.txt,,n,n,y,n,n
2002_692554.txt,,y,n,n,n,y
2002_692681.txt,,n,y,n,n,n
2002_692908.txt,,n,y,n,n,n
2002_693141.txt,,y,y,n,n,y
2002_693429.txt,,y,n,y,n,y
2002_693614.txt,,n,y,n,n,y
2002_693916.txt,,y,n,y,y,y
2002_694049.txt,,y,n,n,n,n
2002_695597.txt,,y,n,y,y,y
2002_695757.txt,,y,n,y,n,y
2002_696024.txt,,y,n,y,y,n
2002_696715.txt,,n,y,n,y,y
2002_698229.txt,,y,n,y,y,y
2002_699374.txt,,y,y,y,y,n
2002_699655.txt,,y,y,n,y,y
2002_703402.txt,,y,y,n,n,y
2002_708914.txt,,n,n,y,y,n
2002_710314.txt,,n,n,y,y,y
2002_712420.txt,,n,n,n,n,y
2002_712619.txt,,y,n,y,y,y
2002_712631.txt,,y,n,n,n,n
2002_713375.txt,,y,n,y,y,y
2002_714486.txt,,n,y,y,n,n
2002_715289.txt,,y,n,y,y,y
2002_715297.txt,,y,n,y,n,y
2002_715655.txt,,n,n,n,y,y
2002_716179.txt,,n,n,n,n,n
2002_716298.txt,,y,y,y,n,y
2002_716585.txt,,n,y,y,n,y
2002_717239.txt,,y,y,n,y,n
2002_717530.txt,,y,n,n,y,y
2002_717531.txt,,n,y,n,y,n
2002_718305.txt,,y,y,y,y,y
2002_718663.txt,,n,n,y,y,y
2002_718733.txt,,y,y,n,n,n
2002_723345.txt,,n,y,n,n,n
2002_725541.txt,,n,y,y,n,n
2002_727946.txt,,n,y,n,n,n
2002_730158.txt,,n,y,y,n,y
2002_730515.txt,,y,n,y,y,y
2002_733150.txt,,y,y,n,n,y
2002_733503.txt,,n,n,y,y,y
2002_734040.txt,,y,n,n,n,n
2002_734462.txt,,n,n,n,n,n
2002_735375.txt,,y,y,y,y,y
2002_735955.txt,,y,n,n,n,y
2002_736090.txt,,n,n,y,n,y
2002_737137.txt,,y,y,y,y,y
2002_737822.txt,,n,n,y,y,n
2002_738486.txt,,n,y,n,n,y
2002_738727.txt,,n,y,y,y,n
2002_738926.txt,,y,n,y,y,y
2002_741268.txt,,n,n,y,n,y
2002_747057.txt,,y,n,y,y,y
2002_750065.txt,,y,y,y,n,n
2002_750740.txt,,n,y,n,n,y
2002_751972.txt,,n,y,y,n,n
2002_752488.txt,,n,n,y,n,n
2002_756924.txt,,y,y,y,y,n
2002_758960.txt,,y,n,y,n,n
2002_759236.txt,,n,n,y,y,n
2002_759716.txt,,n,y,y,n,y
2002_759882.txt,,n,y,n,y,y
2002_763964.txt,,n,y,y,y,n
2002_765168.txt,,y,y,n,n,n
2002_765933.txt,,y,n,y,y,y
2002_766324.txt,,n,y,n,y,n
2002_769785.txt,,y,y,n,y,n
2002_770416.txt,,n,y,n,n,n
2002_772200.txt,,y,n,y,n,y
2002_773215.txt,,y,y,y,y,n
2002_773379.txt,,y,n,n,y,n
2002_775925.txt,,n,n,y,n,y
2002_780856.txt,,y,y,n,n,n
2002_790094.txt,,y,y,y,n,n
2002_792236.txt,,y,n,y,y,y
2002_792967.txt,,n,y,n,n,n
2002_794270.txt,,y,n,y,n,y
2002_795829.txt,,y,n,y,n,y
2002_796644.txt,,y,n,y,y,n
2002_798304.txt,,n,y,n,n,y
2002_798513.txt,,y,y,y,n,y
2002_803852.txt,,y,n,n,y,y
2002_804782.txt,,y,n,y,n,n
2002_805223.txt,,y,n,y,n,n
2002_809993.txt,,n,y,y,y,y
2002_810133.txt,,y,y,y,n,y
2002_815739.txt,,y,y,n,n,n
2002_816194.txt,,y,y,n,n,n
2002_818242.txt,,y,n,y,y,n
2002_818682.txt,,n,n,n,n,y
2002_819430.txt,,n,y,y,y,n
2002_819526.txt,,n,n,n,y,n
2002_822358.txt,,n,y,y,y,y
2002_822367.txt,,y,n,n,y,y
2002_830128.txt,,n,n,n,y,n
2002_830131.txt,,n,n,y,n,n
2002_830353.txt,,y,y,y,n,y
2002_833127.txt,,y,n,y,n,y
2002_833487.txt,,y,y,n,n,n
2002_833527.txt,,n,y,y,n,y
2002_835051.txt,,y,n,y,y,n
2002_835543.txt,,y,y,y,n,y
2002_835961.txt,,y,n,n,n,n
2002_836474.txt,,n,y,n,y,n
2002_836984.txt,,n,y,n,n,y
2002_838530.txt,,y,y,n,y,y
2002_841476.txt,,n,y,y,y,y
2002_843716.txt,,y,n,y,n,n
2002_854190.txt,,n,n,y,y,n
2002_854684.txt,,y,n,n,y,n
2002_855472.txt,,n,y,n,y,n
2002_855878.txt,,y,y,y,y,y
2002_856872.txt,,n,y,n,n,n
2002_857261.txt,,y,n,y,y,y
2002_864597.txt,,y,n,y,n,n
2002_870737.txt,,y,n,y,y,n
2002_871615.txt,,y,n,n,y,y
2002_873089.txt,,y,n,y,y,y
2002_875611.txt,,n,y,y,n,n
2002_875628.txt,,y,n,y,n,n
2002_875711.txt,,y,y,n,y,y
2002_877267.txt,,y,n,y,y,y
2002_880165.txt,,y,n,y,n,n
2002_891066.txt,,y,n,y,n,y
2002_892957.txt,,n,y,y,n,y
2002_896653.txt,,y,n,y,n,y
2002_897828.txt,,y,n,y,y,n
2002_898153.txt,,n,y,y,y,y
2002_904419.txt,,y,n,y,n,n
2002_906448.txt,,y,n,y,y,n
2002_911754.txt,,y,n,n,n,y
2002_912232.txt,,y,y,y,y,n
2002_913549.txt,,n,n,n,n,y
2002_913929.txt,,y,y,n,n,n
2002_916663.txt,,n,n,n,n,n
2002_917507.txt,,y,n,y,n,y
2002_917983.txt,,n,n,y,y,n
2002_918284.txt,,y,y,y,y,n
2002_918671.txt,,n,y,y,n,n
2002_919167.txt,,y,n,n,n,y
2002_924957.txt,,y,n,y,y,y
2002_926472.txt,,y,y,n,y,y
2002_928929.txt,,y,y,n,n,n
2002_930254.txt,,y,y,y,n,n
2002_930911.txt,,y,n,y,n,y
2002_931069.txt,,y,y,n,n,y
2002_932909.txt,,n,y,y,n,n
2002_934039.txt,,n,y,y,y,n
2002_934127.txt,,n,n,n,y,y
2002_936431.txt,,n,n,n,n,n
2002_938041.txt,,y,y,y,n,y
2002_938191.txt,,y,n,n,n,y
2002_939045.txt,,n,y,n,n,y
2002_939162.txt,,y,y,n,n,y
2002_941898.txt,,n,y,n,n,n
2002_950971.txt,,n,n,y,y,n
2002_951305.txt,,n,n,y,n,y
2002_953034.txt,,y,y,n,n,n
2002_953283.txt,,y,n,n,y,y
2002_953340.txt,,n,y,n,y,y
2002_953576.txt,,y,n,y,y,y
2002_955033.txt,,y,n,y,n,n
2002_955372.txt,,y,y,y,n,y
2002_955576.txt,,y,y,n,y,y
2002_955716.txt,,n,n,y,y,n
2002_956743.txt,,y,y,n,y,n
2002_957362.txt,,y,y,n,y,y
2002_958061.txt,,y,y,y,n,y
2002_958137.txt,,y,n,y,n,y
2002_966552.txt,,y,y,y,y,n
2002_969641.txt,,y,y,n,n,n
2002_972172.txt,,y,y,y,n,y
2002_972407.txt,,y,y,y,y,y
2002_972796.txt,,n,n,y,y,n
2002_972972.txt,,y,y,n,n,y
2002_974654.txt,,n,y,y,n,n
2002_975468.txt,,n,n,y,y,y
2002_979377.txt,,n,y,y,n,n
2002_979598.txt,,y,y,n,y,n
2002_979646.txt,,n,y,y,n,y
2002_987315.txt,,n,y,y,n,n
2002_990120.txt,,y,n,y,n,n
2002_991230.txt,,n,n,n,n,y
2002_995661.txt,,y,y,n,n,n
2002_996434.txt,,y,n,n,y,y
2002_998805.txt,,n,n,n,y,y
2003_8.txt,,n,y,n,n,y
2003_10.txt,,n,y,y,n,y
2003_11.txt,,n,n,y,y,y
2003_13.txt,,y,y,y,y,n
2003_14.txt,,n,n,y,y,n
2003_15.txt,,y,y,n,y,y
2003_16.txt,,y,n,y,n,n
2003_18.txt,,y,y,y,y,y
2003_21.txt,,y,n,n,n,n
2003_23.txt,,n,y,n,y,n
2003_24.txt,,n,n,y,n,y
2003_25.txt,,n,n,y,n,y
2003_26.txt,,n,n,y,y,y
2003_27.txt,,n,y,n,n,n
2003_28.txt,,n,n,n,y,y
2003_30.txt,,y,n,n,n,y
2003_31.txt,,n,n,y,n,y
2003_33.txt,,y,y,n,n,y
2003_34.txt,,n,n,y,n,y
2003_35.txt,,y,n,n,y,y
2003_38.txt,,n,y,y,y,n
2003_39.txt,,y,n,y,y,n
2003_40.txt,,n,y,n,n,y
2003_42.txt,,n,y,n,n,n
2003_43.txt,,y,y,y,n,y
2003_45.txt,,y,n,n,y,n
2003_46.txt,,y,n,y,n,y
2003_47.txt,,n,n,y,y,n
2003_51.txt,,n,n,y,y,n
2003_53.txt,,y,n,n,n,y
2003_55.txt,,y,n,y,y,y
2003_57.txt,,y,n,n,y,n
2003_58.txt,,y,n,y,y,y
2003_59.txt,,n,n,y,y,n
2003_60.txt,,n,y,n,n,y
2003_61.txt,,n,n,y,n,y
2003_63.txt,,n,y,y,y,y
2003_65.txt,,n,y,y,n,n
2003_67.txt,,y,n,n,y,y
2003_68.txt,,n,n,n,n,n
2003_69.txt,,n,n,y,y,n
2003_70.txt,,y,n,y,y,y
2003_72.txt,,n,n,y,y,n
2003_74.txt,,y,n,y,y,y
2003_75.txt,,y,y,y,y,y
2003_76.txt,,y,n,y,n,y
2003_77.txt,,n,y,n,n,y
2003_79.txt,,y,y,n,y,n
2003_80.txt,,n,y,y,n,n
2003_82.txt,,y,n,y,y,y
2003_83.txt,,y,y,y,n,n
2003_86.txt,,n,n,y,n,y
2003_87.txt,,n,y,n,n,y
2003_89.txt,,n,y,n,n,y
2003_90.txt,,n,y,n,y,n
2003_91.txt,,n,n,n,n,y
2003_92.txt,,y,n,y,n,y
2003_93.txt,,y,y,n,y,n
2003_94.txt,,y,y,y,y,n
2003_95.txt,,y,n,y,n,y
2003_96.txt,,y,y,y,n,n
2003_97.txt,,n,n,y,y,n
2003_98.txt,,n,y,y,y,n
2003_99.txt,,n,y,y,y,y
2003_100.txt,,y,y,n,n,y
2003_101.txt,,y,y,n,n,y
2003_104.txt,,n,y,n,y,y
2003_105.txt,,y,y,y,n,y
2003_106.txt,,n,y,n,y,n
2003_110.txt,,n,n,y,n,n
2003_111.txt,,y,n,y,y,n
2003_112.txt,,n,y,n,n,n
2003_114.txt,,n,y,y,y,n
2003_115.txt,,n,y,y,y,y
2003_116.txt,,y,y,y,n,y
2003_117.txt,,y,n,y,y,n
2003_118.txt,,y,n,y,y,n
2003_119.txt,,n,y,n,y,y
2003_120.txt,,y,n,n,n,n
2003_121.txt,,y,y,n,n,n
2003_122.txt,,n,n,y,y,n
2003_126.txt,,y,y,n,n,y
2003_127.txt,,n,n,n,n,y
2003_128.txt,,n,y,y,n,n
2003_129.txt,,n,n,y,n,n
2003_130.txt,,n,y,y,n,y
2003_131.txt,,n,n,n,y,n
2003_132.txt,,y,y,y,y,n
2003_133.txt,,y,n,n,n,y
2003_134.txt,,y,n,n,n,n
2003_135.txt,,n,n,n,n,y
2003_136.txt,,n,y,y,n,y
2003_137.txt,,n,y,n,n,y
2003_139.txt,,n,y,y,y,y
2003_140.txt,,n,n,n,y,y
2003_141.txt,,n,n,y,n,y
2003_142.txt,,n,n,y,n,y
2003_144.txt,,n,y,y,n,n
2003_145.txt,,n,y,n,y,n
2003_148.txt,,n,n,n,n,y
2003_149.txt,,n,n,y,n,n
2003_150.txt,,y,n,y,n,y
2003_151.txt,,y,y,y,y,n
2003_152.txt,,n,y,y,y,y
2003_155.txt,,y,n,y,y,y
2003_159.txt,,y,n,y,y,y
2003_160.txt,,y,y,n,n,y
2003_162.txt,,y,n,y,n,y
2003_164.txt,,n,y,n,y,y
2003_165.txt,,y,y,n,y,y
2003_166.txt,,y,n,y,y,y
2003_167.txt,,y,y,n,y,y
2003_168.txt,,n,y,n,n,n
2003_169.txt,,y,n,y,n,y
2003_170.txt,,y,n,y,y,n
2003_171.txt,,n,y,n,y,y
2003_174.txt,,n,y,y,n,n
2003_175.txt,,y,n,n,n,y
2003_176.txt,,n,n,y,y,n
2003_179.txt,,y,y,n,n,n
2003_181.txt,,y,n,n,y,n
2003_183.txt,,y,y,y,y,y
2003_184.txt,,y,y,n,n,n
2003_185.txt,,y,y,y,n,n
2003_186.txt,,y,y,y,y,n
2003_188.txt,,n,n,n,n,y
2003_189.txt,,y,n,y,y,n
2003_191.txt,,y,y,n,y,n
2003_192.txt,,n,n,n,y,y
2003_193.txt,,y,y,y,y,n
2003_194.txt,,y,n,y,n,n
2003_195.txt,,y,n,y,y,y
2003_196.txt,,y,y,n,n,n
2003_197.txt,,y,n,y,y,y
2003_198.txt,,n,n,y,n,y
2003_199.txt,,y,n,y,n,y
2003_200.txt,,y,n,y,n,y
2003_202.txt,,y,n,y,y,n
2003_203.txt,,n,y,y,n,n
2003_204.txt,,y,y,n,n,y
2003_205.txt,,n,n,n,n,y
2003_206.txt,,n,y,n,y,n
2003_207.txt,,n,y,y,y,y
2003_208.txt,,y,y,y,y,n
2003_209.txt,,y,n,n,y,n
2003_210.txt,,n,n,n,y,y
2003_211.txt,,n,n,y,n,y
2003_214.txt,,n,n,n,y,y
2003_216.txt,,y,n,n,n,y
2003_217.txt,,y,y,n,y,y
2003_218.txt,,n,y,y,y,y
2003_219.txt,,y,n,y,n,n
2003_220.txt,,y,y,n,n,n
2003_223.txt,,n,y,n,n,y
2003_224.txt,,y,y,n,y,y
2003_225.txt,,y,n,n,n,n
2003_228.txt,,n,y,y,n,n
2003_229.txt,,y,n,y,y,y
2003_231.txt,,y,n,n,y,n
2003_232.txt,,n,y,n,n,y
2003_233.txt,,y,n,y,y,y
2003_234.txt,,y,n,y,y,y
2003_235.txt,,n,y,n,y,y
2003_237.txt,,y,n,y,n,y
2003_238.txt,,y,n,y,y,n
2003_240.txt,,n,n,y,n,n
2003_243.txt,,y,y,y,n,n
2003_245.txt,,n,n,n,n,n
2003_246.txt,,y,n,y,n,y
2003_247.txt,,y,n,n,n,y
2003_248.txt,,y,n,y,y,y
2003_249.txt,,y,n,n,y,n
2003_251.txt,,n,n,y,y,y
2003_254.txt,,y,y,n,y,n
2003_258.txt,,y,n,n,y,n
2003_260.txt,,y,y,y,n,y
2003_264.txt,,y,y,n,y,y
2003_265.txt,,n,n,y,y,n
2003_267.txt,,n,y,y,y,y
2003_269.txt,,n,n,y,n,n
2003_273.txt,,n,n,n,n,n
2003_278.txt,,y,n,y,y,y
2003_279.txt,,n,y,n,y,n
2003_282.txt,,n,n,y,y,n
2003_283.txt,,y,n,y,y,y
2003_284.txt,,y,n,y,y,n
2003_285.txt,,n,y,y,y,y
2003_286.txt,,y,n,y,y,n
2003_287.txt,,n,y,y,y,y
2003_288.txt,,n,y,n,n,y
2003_291.txt,,n,y,y,n,n
2003_292.txt,,n,y,n,n,n
2003_293.txt,,n,y,n,y,n
2003_296.txt,,y,n,y,n,n
2003_297.txt,,n,y,n,n,y
2003_298.txt,,y,y,y,n,y
2003_301.txt,,y,y,y,y,n
2003_302.txt,,y,y,n,y,y
2003_303.txt,,n,y,n,y,y
2003_308.txt,,y,n,n,n,n
2003_309.txt,,y,y,n,y,n
2003_311.txt,,n,n,n,n,y
2003_312.txt,,n,y,n,n,n
2003_313.txt,,y,y,y,y,y
2003_315.txt,,y,n,n,n,n
2003_316.txt,,y,n,n,y,n
2003_318.txt,,n,y,n,n,n
2003_319.txt,,n,y,n,n,n
2003_320.txt,,y,y,n,n,n
2003_321.txt,,y,y,n,n,y
2003_322.txt,,n,n,y,y,n
2003_323.txt,,n,n,n,n,n
2003_329.txt,,y,y,y,y,y
2003_330.txt,,n,n,y,y,y
2003_334.txt,,y,n,y,y,y
2003_335.txt,,y,n,n,n,n
2003_336.txt,,n,y,y,n,n
2003_338.txt,,y,y,n,y,n
2003_340.txt,,y,y,n,n,n
2003_341.txt,,n,y,n,y,y
2003_342.txt,,n,y,y,y,y
2003_343.txt,,y,y,y,y,y
2003_344.txt,,n,y,n,n,n
2003_346.txt,,n,y,y,n,n
2003_347.txt,,y,n,n,y,n
2003_349.txt,,n,n,n,y,n
2003_351.txt,,y,y,y,n,y
2003_353.txt,,y,y,y,y,n
2003_357.txt,,y,n,y,n,y
2003_361.txt,,y,n,y,n,n
2003_362.txt,,y,n,y,n,y
2003_363.txt,,y,y,y,y,n
2003_364.txt,,y,n,y,y,y
2003_365.txt,,n,n,y,y,y
2003_366.txt,,y,y,y,y,n
2003_368.txt,,y,n,y,y,y
2003_369.txt,,y,n,n,y,n
2003_373.txt,,n,y,y,y,n
2003_374.txt,,n,y,n,n,n
2003_375.txt,,y,n,y,y,y
2003_376.txt,,n,n,n,y,n
2003_377.txt,,y,n,y,y,y
2003_379.txt,,y,y,n,n,y
2003_385.txt,,y,n,n,n,n
2003_392.txt,,y,y,y,n,y
2003_393.txt,,y,n,y,n,n
2003_394.txt,,n,n,n,y,n
2003_396.txt,,y,n,n,y,y
2003_397.txt,,y,n,y,y,y
2003_399.txt,,n,y,y,y,n
2003_400.txt,,y,n,n,y,y
2003_403.txt,,y,y,y,n,y
2003_409.txt,,y,n,y,n,n
2003_410.txt,,y,y,y,n,y
2003_411.txt,,y,y,y,n,y
2003_412.txt,,n,n,y,y,n
2003_413.txt,,y,y,y,y,y
2003_415.txt,,y,n,n,n,y
2003_420.txt,,n,n,n,n,y
2003_421.txt,,y,y,n,n,y
2003_422.txt,,n,y,n,n,y
2003_425.txt,,y,n,n,n,y
2003_428.txt,,n,y,y,y,y
2003_429.txt,,y,n,n,n,y
2003_430.txt,,y,n,n,n,y
2003_431.txt,,n,n,y,y,y
2003_435.txt,,n,y,y,n,y
2003_440.txt,,n,y,y,n,n
2003_444.txt,,n,y,n,y,y
2003_452.txt,,y,y,n,n,n
2003_470.txt,,y,n,y,y,n
2003_473.txt,,y,y,y,y,y
2003_476.txt,,n,y,n,n,y
2003_484.txt,,y,n,y,n,n
2003_488.txt,,n,y,y,n,n
2003_489.txt,,n,y,n,n,y
2003_491.txt,,y,y,y,y,n
2003_492.txt,,y,n,n,n,y
2003_493.txt,,y,n,n,n,n
2003_497.txt,,y,n,y,y,n
2003_502.txt,,y,n,y,n,y
2003_504.txt,,y,n,y,y,y
2003_505.txt,,n,y,n,n,n
2003_507.txt,,n,y,y,n,n
2003_509.txt,,n,n,n,n,n
2003_510.txt,,y,y,n,n,n
2003_511.txt,,n,n,n,n,n
2003_512.txt,,n,n,y,n,y
2003_513.txt,,y,n,n,y,y
2003_514.txt,,n,n,n,n,y
2003_515.txt,,y,n,n,y,n
2003_530.txt,,n,y,n,n,y
2003_534.txt,,n,n,y,n,y
2003_540.txt,,n,y,y,n,y
2003_541.txt,,y,n,y,y,y
2003_544.txt,,y,y,n,n,y
2003_545.txt,,y,y,y,y,n
2003_554.txt,,n,y,n,n,y
2003_555.txt,,n,n,n,n,n
2003_557.txt,,y,n,y,y,y
2003_561.txt,,y,n,y,n,y
2003_562.txt,,n,n,y,n,n
2003_564.txt,,y,y,y,n,n
2003_565.txt,,y,n,n,y,n
2003_566.txt,,y,y,y,y,n
2003_569.txt,,n,n,y,n,y
2003_666.txt,,y,n,n,y,y
2004_1.txt,,y,y,y,n,n
2004_2.txt,,y,n,y,y,y
2004_5.txt,,y,y,y,n,n
2004_8.txt,,y,n,n,y,y
2004_9.txt,,y,n,y,y,n
2004_10.txt,,y,y,y,y,y
2004_13.txt,,n,n,y,n,n
2004_15.txt,,y,n,y,y,n
2004_16.txt,,n,y,y,n,y
2004_18.txt,,n,n,y,n,y
2004_21.txt,,y,y,n,n,n
2004_22.txt,,n,y,n,y,y
2004_23.txt,,y,n,n,y,y
2004_24.txt,,n,n,y,y,y
2004_25.txt,,n,y,y,n,n
2004_26.txt,,n,n,n,n,y
2004_27.txt,,y,y,n,y,y
2004_28.txt,,n,y,n,y,y
2004_29.txt,,n,y,n,n,n
2004_32.txt,,y,y,y,n,n
2004_33.txt,,n,n,n,n,n
2004_34.txt,,n,n,y,y,y
2004_35.txt,,y,n,y,y,n
2004_36.txt,,y,n,y,y,y
2004_37.txt,,n,y,n,n,n
2004_38.txt,,n,y,y,y,n
2004_39.txt,,n,y,n,n,n
2004_40.txt,,n,y,n,n,y
2004_41.txt,,n,n,y,y,y
2004_42.txt,,n,n,n,y,n
2004_46.txt,,y,n,y,y,n
2004_47.txt,,y,y,n,n,y
2004_48.txt,,n,y,n,n,y
2004_49.txt,,n,y,n,n,y
2004_50.txt,,y,n,y,y,n
2004_52.txt,,y,n,y,y,y
2004_53.txt,,n,n,n,y,n
2004_55.txt,,n,y,n,n,y
2004_56.txt,,n,y,y,y,n
2004_57.txt,,y,n,y,y,y
2004_58.txt,,y,y,n,n,y
2004_61.txt,,y,y,y,y,n
2004_62.txt,,n,n,n,y,n
2004_64.txt,,y,n,y,y,y
2004_69.txt,,n,n,y,n,y
2004_72.txt,,n,n,y,y,n
2004_74.txt,,n,n,n,y,y
2004_75.txt,,n,n,y,y,n
2004_76.txt,,y,y,n,n,y
2004_79.txt,,n,y,y,n,y
2004_84.txt,,y,n,y,y,n
2004_85.txt,,y,n,n,n,y
2004_89.txt,,y,y,n,n,y
2004_93.txt,,y,y,n,y,y
2004_94.txt,,n,n,y,y,y
2004_97.txt,,y,n,y,n,y
2004_99.txt,,n,y,n,y,n
2004_101.txt,,y,n,y,y,y
2004_102.txt,,y,n,n,y,y
2004_103.txt,,y,n,n,y,y
2004_104.txt,,y,n,y,n,y
2004_107.txt,,n,y,n,n,n
2004_108.txt,,n,n,n,n,y
2004_109.txt,,n,n,n,n,y
2004_110.txt,,y,y,y,y,n
2004_113.txt,,n,n,y,n,y
2004_114.txt,,y,y,n,n,y
2004_115.txt,,n,n,n,y,n
2004_119.txt,,y,n,y,y,y
2004_122.txt,,n,n,n,n,n
2004_123.txt,,n,y,n,n,y
2004_124.txt,,n,n,y,y,y
2004_125.txt,,n,y,n,n,y
2004_126.txt,,n,n,y,y,y
2004_127.txt,,y,y,n,n,n
2004_128.txt,,y,y,y,y,y
2004_129.txt,,y,y,n,y,y
2004_130.txt,,y,n,n,y,y
2004_132.txt,,y,y,y,y,n
2004_133.txt,,n,y,y,n,n
2004_134.txt,,y,y,n,y,n
2004_136.txt,,n,y,y,n,n
2004_139.txt,,n,y,n,n,n
2004_140.txt,,y,n,n,y,y
2004_141.txt,,n,y,y,y,n
2004_142.txt,,y,y,y,y,n
2004_143.txt,,y,n,y,y,n
2004_146.txt,,y,y,y,y,y
2004_147.txt,,y,y,n,n,n
2004_151.txt,,n,n,n,n,n
2004_152.txt,,y,n,n,y,y
2004_153.txt,,y,y,n,n,y
2004_154.txt,,n,n,n,y,n
2004_163.txt,,n,y,n,y,n
2004_165.txt,,n,y,n,n,n
2004_167.txt,,n,n,y,y,n
2004_168.txt,,y,n,y,n,y
2004_173.txt,,y,n,y,y,y
2004_174.txt,,n,y,y,n,y
2004_175.txt,,y,n,n,y,n
2004_178.txt,,n,y,y,n,n
2004_181.txt,,y,y,y,y,n
2004_193.txt,,n,y,y,n,n
2004_194.txt,,n,y,y,y,n
2004_195.txt,,n,y,y,n,n
2004_197.txt,,n,y,n,n,n
2004_198.txt,,n,n,y,n,n
2004_199.txt,,y,y,n,n,n
2004_201.txt,,y,n,y,y,y
2004_203.txt,,n,n,y,y,n
2004_211.txt,,y,n,n,y,n
2004_215.txt,,n,y,y,y,y
2004_216.txt,,n,y,n,y,y
2004_217.txt,,y,n,y,y,y
2004_218.txt,,n,n,y,y,y
2004_219.txt,,y,y,y,n,y
2004_220.txt,,n,n,y,n,y
2004_222.txt,,n,n,y,n,y
2004_229.txt,,n,n,y,n,n
2004_231.txt,,y,n,y,y,n
2004_232.txt,,n,y,n,y,n
2004_233.txt,,y,n,y,y,y
2004_235.txt,,n,y,y,y,n
2004_236.txt,,n,y,y,n,n
2004_237.txt,,y,n,y,y,n
2004_239.txt,,y,n,n,y,y
2004_241.txt,,n,n,y,n,n
2004_243.txt,,n,y,n,y,y
2004_244.txt,,n,y,n,y,y
2004_245.txt,,y,n,n,n,n
2004_246.txt,,y,y,y,n,y
2004_248.txt,,n,y,n,n,y
2004_249.txt,,y,n,n,n,n
2004_257.txt,,n,y,n,n,n
2004_259.txt,,n,n,y,n,y
2004_260.txt,,n,n,n,y,y
2004_261.txt,,n,y,n,n,n
2004_262.txt,,n,n,y,y,n
2004_265.txt,,y,y,n,n,y
2004_266.txt,,n,n,n,n,y
2004_267.txt,,y,y,n,n,y
2004_268.txt,,n,n,y,y,n
2004_270.txt,,n,n,y,y,n
2004_272.txt,,n,y,n,y,n
2004_275.txt,,y,y,n,n,y
2004_278.txt,,n,n,y,n,n
2004_279.txt,,n,y,y,n,y
2004_280.txt,,y,n,y,y,y
2004_283.txt,,n,n,n,n,y
2004_284.txt,,y,n,y,y,y
2004_286.txt,,y,n,n,y,y
2004_290.txt,,n,y,n,n,n
2004_292.txt,,y,n,y,y,y
2004_294.txt,,n,n,n,y,y
2004_295.txt,,n,y,y,y,n
2004_298.txt,,y,y,y,y,y
2004_299.txt,,y,n,y,n,y
2004_303.txt,,n,n,y,y,n
2004_308.txt,,n,n,y,y,y
2004_309.txt,,y,n,y,y,n
2004_311.txt,,n,n,n,n,y
2004_312.txt,,y,n,y,y,n
2004_314.txt,,y,y,y,y,n
2004_315.txt,,n,y,n,n,y
2004_316.txt,,y,n,n,y,n
2004_317.txt,,n,y,n,n,n
2004_318.txt,,y,n,n,n,n
2004_321.txt,,y,n,n,y,y
2004_322.txt,,y,n,n,n,y
2004_323.txt,,n,y,n,n,n
2004_324.txt,,y,y,n,n,y
2004_327.txt,,y,y,n,y,y
2004_328.txt,,n,y,n,n,y
2004_329.txt,,n,y,n,n,n
2004_330.txt,,y,y,y,y,y
2004_333.txt,,y,y,y,n,y
2004_334.txt,,y,n,n,n,y
2004_339.txt,,n,n,y,y,n
2004_341.txt,,n,n,n,n,n
2004_343.txt,,n,n,n,y,y
2004_344.txt,,y,n,y,y,y
2004_345.txt,,n,y,n,n,y
2004_347.txt,,y,y,y,y,n
2004_348.txt,,n,n,n,n,n
2004_350.txt,,y,y,y,n,n
2004_351.txt,,n,n,n,n,y
2004_352.txt,,n,n,y,n,y
2004_354.txt,,n,y,y,y,n
2004_355.txt,,y,n,y,y,y
2004_356.txt,,y,n,y,y,y
2004_357.txt,,n,y,n,n,n
2004_359.txt,,y,y,y,y,n
2004_361.txt,,n,y,n,y,y
2004_362.txt,,n,n,y,y,n
2004_364.txt,,y,n,y,y,n
2004_368.txt,,n,y,n,n,n
2004_372.txt,,n,n,y,y,y
2004_373.txt,,n,y,n,n,n
2004_374.txt,,y,y,y,y,y
2004_375.txt,,n,y,n,n,n
2004_376.txt,,n,y,y,y,n
2004_377.txt,,n,y,n,y,n
2004_378.txt,,n,n,n,y,y
2004_380.txt,,n,y,y,y,n
2004_382.txt,,y,n,y,y,y
2004_384.txt,,n,n,n,n,n
2004_385.txt,,y,y,n,y,y
2004_386.txt,,y,y,n,n,y
2004_387.txt,,y,n,n,y,y
2004_388.txt,,n,n,n,n,n
2004_390.txt,,n,y,y,y,y
2004_391.txt,,n,y,n,n,y
2004_392.txt,,y,y,y,y,y
2004_394.txt,,n,n,n,n,n
2004_404.txt,,n,y,n,n,y
2004_405.txt,,n,n,y,n,y
2004_409.txt,,y,n,y,n,y
2004_414.txt,,y,y,n,n,y
2004_416.txt,,y,n,y,y,n
2004_417.txt,,y,y,y,n,y
2004_420.txt,,y,n,y,y,y
2004_421.txt,,n,y,n,n,y
2004_422.txt,,y,y,n,n,n
2004_432.txt,,n,y,n,n,y
2004_439.txt,,n,n,y,y,n
2004_440.txt,,n,n,y,y,n
2004_447.txt,,n,y,n,y,y
2004_448.txt,,n,n,y,y,y
2004_450.txt,,y,n,y,y,y
2004_451.txt,,n,y,n,y,n
2004_452.txt,,n,y,n,n,n
2004_453.txt,,y,n,y,y,n
2004_455.txt,,n,n,n,n,n
2004_456.txt,,y,n,n,n,y
2004_457.txt,,n,y,n,n,n
2004_458.txt,,n,y,n,n,y
2004_460.txt,,y,y,y,y,n
2004_461.txt,,y,y,y,n,y
2004_462.txt,,y,n,n,n,n
2004_464.txt,,y,n,n,n,n
2004_467.txt,,y,y,y,y,y
2004_468.txt,,y,y,n,n,y
2004_470.txt,,y,y,y,y,n
2004_471.txt,,y,n,y,n,y
2004_472.txt,,y,n,y,n,y
2004_475.txt,,y,n,y,y,y
2004_476.txt,,y,n,y,n,y
2004_478.txt,,y,n,n,n,n
2004_480.txt,,n,y,n,n,n
2004_481.txt,,n,n,y,y,n
2004_482.txt,,y,n,n,y,n
2004_483.txt,,n,y,n,n,y
2004_484.txt,,y,y,y,n,n
2004_487.txt,,y,y,n,n,n
2004_490.txt,,n,n,y,n,y
2004_492.txt,,y,n,n,y,y
2004_493.txt,,n,y,n,y,n
2004_494.txt,,y,y,n,n,y
2004_497.txt,,n,n,y,n,n
2004_498.txt,,n,y,n,n,y
2004_499.txt,,n,y,y,n,y
